<?xml version="1.0"?>
<doc>
    <assembly>
        <name>AdvanceFileUpload.API</name>
    </assembly>
    <members>
        <member name="M:AdvanceFileUpload.API.Controllers.FileUploadController.CreateUploadSessionAsync(AdvanceFileUpload.Application.Request.CreateUploadSessionRequest,System.Threading.CancellationToken)">
            <summary>
            Creates a new file upload session.
            </summary>
            <param name="request">The request containing the details of the file to be uploaded.</param>
            <param name="cancellationToken">The cancellation token to cancel the operation.</param>
            <returns>The response with the details of the created upload session.</returns>
        </member>
        <member name="M:AdvanceFileUpload.API.Controllers.FileUploadController.CompleteUploadSessionAsync(AdvanceFileUpload.Application.Request.CompleteUploadSessionRequest,System.Threading.CancellationToken)">
            <summary>
            Completes the file upload session.
            </summary>
            <param name="request">The unique identifier of the upload session.</param>
            <param name="cancellationToken">The cancellation token to cancel the operation.</param>
            <returns>Indicates whether the file upload was completed successfully.</returns>
        </member>
        <member name="M:AdvanceFileUpload.API.Controllers.FileUploadController.UploadChunkAsync(AdvanceFileUpload.Application.Request.UploadChunkRequest,System.Threading.CancellationToken)">
            <summary>
            Uploads a chunk of the file.
            </summary>
            <param name="request">The request containing the details of the chunk to be uploaded.</param>
            <param name="cancellationToken">The cancellation token to cancel the operation.</param>
            <returns>Indicates whether the chunk was uploaded successfully.</returns>
        </member>
        <member name="M:AdvanceFileUpload.API.Controllers.FileUploadController.GetUploadSessionStatusAsync(System.Guid,System.Threading.CancellationToken)">
            <summary>
            Gets the status of the upload session.
            </summary>
            <param name="sessionId">The unique identifier of the upload session.</param>
            <param name="cancellationToken">The cancellation token to cancel the operation.</param>
            <returns>The response with the status of the upload session.</returns>
        </member>
        <member name="M:AdvanceFileUpload.API.Controllers.FileUploadController.CancelUploadSessionAsync(AdvanceFileUpload.Application.Request.CancelUploadSessionRequest,System.Threading.CancellationToken)">
            <summary>
            Cancels the file upload session.
            </summary>
            <param name="request"></param>
            <param name="cancellationToken">The cancellation token to cancel the operation.</param>
            <returns>Indicates whether the session was canceled successfully.</returns>
        </member>
        <member name="M:AdvanceFileUpload.API.Controllers.FileUploadController.PauseUploadSessionAsync(AdvanceFileUpload.Application.Request.PauseUploadSessionRequest,System.Threading.CancellationToken)">
            <summary>
            Pauses the file upload session.
            </summary>
            <param name="sessionId">The unique identifier of the upload session.</param>
            <param name="cancellationToken">The cancellation token to cancel the operation.</param>
            <returns>Indicates whether the session was paused successfully.</returns>
        </member>
        <member name="T:AdvanceFileUpload.API.IPeriodicTimer">
            <summary>
            Represents a timer that provides periodic ticks for executing tasks.
            </summary>
        </member>
        <member name="M:AdvanceFileUpload.API.IPeriodicTimer.WaitForNextTickAsync(System.Threading.CancellationToken)">
            <summary>
            Waits asynchronously for the next tick of the timer.
            </summary>
            <param name="cancellationToken">A token to monitor for cancellation requests.</param>
            <returns>A task that resolves to <see langword="true"/> if the timer ticked, or <see langword="false"/> if the wait was canceled.</returns>
        </member>
        <member name="P:AdvanceFileUpload.API.IPeriodicTimer.Period">
            <summary>
            Gets the period of the timer.
            </summary>
        </member>
        <member name="T:AdvanceFileUpload.API.DailyPeriodicTimer">
            <summary>
            A timer that provides periodic ticks for executing tasks on a daily basis.
            </summary>
        </member>
        <member name="M:AdvanceFileUpload.API.DailyPeriodicTimer.WaitForNextTickAsync(System.Threading.CancellationToken)">
            <inheritdoc/>
        </member>
        <member name="P:AdvanceFileUpload.API.DailyPeriodicTimer.Period">
            <inheritdoc/>
        </member>
        <member name="M:AdvanceFileUpload.API.DailyPeriodicTimer.Dispose">
            <summary>
            Releases the resources used by the timer.
            </summary>
        </member>
        <member name="T:AdvanceFileUpload.API.Middleware.APIKeyMiddleware">
            <summary>
            Middleware to handle API Key authentication for incoming HTTP requests.
            </summary>
        </member>
        <member name="M:AdvanceFileUpload.API.Middleware.APIKeyMiddleware.#ctor(Microsoft.AspNetCore.Http.RequestDelegate,Microsoft.Extensions.Logging.ILogger{AdvanceFileUpload.API.Middleware.APIKeyMiddleware})">
            <summary>
            Initializes a new instance of the <see cref="T:AdvanceFileUpload.API.Middleware.APIKeyMiddleware"/> class.
            </summary>
            <param name="next">The next middleware in the pipeline.</param>
            <param name="logger">The logger instance for logging information.</param>
            <exception cref="T:System.ArgumentNullException">Thrown when <paramref name="next"/> or <paramref name="logger"/> is null.</exception>
        </member>
        <member name="M:AdvanceFileUpload.API.Middleware.APIKeyMiddleware.InvokeAsync(Microsoft.AspNetCore.Http.HttpContext,Microsoft.Extensions.Options.IOptionsMonitor{AdvanceFileUpload.API.Security.ApiKeyOptions})">
            <summary>
            Middleware invocation method to process the HTTP request.
            </summary>
            <param name="context">The HTTP context of the current request.</param>
            <param name="apiKeyOptions">The API key options configuration.</param>
            <returns>A task that represents the asynchronous operation.</returns>
            <exception cref="T:System.ArgumentNullException">Thrown when <paramref name="context"/> or <paramref name="apiKeyOptions"/> is null.</exception>
            <exception cref="T:System.InvalidOperationException">Thrown when API key authentication is not properly configured.</exception>
        </member>
        <member name="T:AdvanceFileUpload.API.Middleware.ExceptionHandlingMiddleware">
            <summary>
            Middleware to handle exceptions globally.
            </summary>
        </member>
        <member name="M:AdvanceFileUpload.API.Middleware.ExceptionHandlingMiddleware.#ctor(Microsoft.AspNetCore.Http.RequestDelegate,Microsoft.Extensions.Logging.ILogger{AdvanceFileUpload.API.Middleware.ExceptionHandlingMiddleware})">
            <summary>
            Initializes a new instance of the <see cref="T:AdvanceFileUpload.API.Middleware.ExceptionHandlingMiddleware"/> class.
            </summary>
            <param name="next">The next middleware in the pipeline.</param>
            <param name="logger">The logger instance.</param>
        </member>
        <member name="M:AdvanceFileUpload.API.Middleware.ExceptionHandlingMiddleware.InvokeAsync(Microsoft.AspNetCore.Http.HttpContext)">
            <summary>
            Invokes the middleware to handle the HTTP context.
            </summary>
            <param name="context">The HTTP context.</param>
            <returns>A task that represents the completion of request processing.</returns>
        </member>
        <member name="M:AdvanceFileUpload.API.Middleware.ExceptionHandlingMiddleware.HandleExceptionAsync(Microsoft.AspNetCore.Http.HttpContext,System.Exception)">
            <summary>
            Handles the exception and writes an appropriate response.
            </summary>
            <param name="context">The HTTP context.</param>
            <param name="exception">The exception that occurred.</param>
            <returns>A task that represents the completion of exception handling.</returns>
        </member>
        <member name="T:AdvanceFileUpload.API.Middleware.ExceptionResponse">
            <summary>
            Represents the response for an exception.
            </summary>
            <param name="StatusCode">The HTTP status code.</param>
            <param name="Description">The description of the exception.</param>
        </member>
        <member name="M:AdvanceFileUpload.API.Middleware.ExceptionResponse.#ctor(System.Net.HttpStatusCode,System.String)">
            <summary>
            Represents the response for an exception.
            </summary>
            <param name="StatusCode">The HTTP status code.</param>
            <param name="Description">The description of the exception.</param>
        </member>
        <member name="P:AdvanceFileUpload.API.Middleware.ExceptionResponse.StatusCode">
            <summary>The HTTP status code.</summary>
        </member>
        <member name="P:AdvanceFileUpload.API.Middleware.ExceptionResponse.Description">
            <summary>The description of the exception.</summary>
        </member>
        <member name="T:AdvanceFileUpload.API.Security.APIKey">
            <summary>
            Represents an API key used for authentication and rate limiting.
            </summary>
        </member>
        <member name="P:AdvanceFileUpload.API.Security.APIKey.ClientId">
            <summary>
            The name of the client associated with the API key.
            </summary>
        </member>
        <member name="P:AdvanceFileUpload.API.Security.APIKey.Key">
            <summary>
            The API key string used for authentication.
            </summary>
        </member>
        <member name="P:AdvanceFileUpload.API.Security.APIKey.RateLimit">
            <summary>
            The RateLimit associated with the API key.
            </summary>
            <remarks>if <see cref="P:AdvanceFileUpload.API.Security.APIKey.RateLimit"/> set to <see langword="null"/> then it means there is no rate limit for that client</remarks>
        </member>
        <member name="T:AdvanceFileUpload.API.Security.ApiKeyOptions">
            <summary>
            Represents the configuration options for API key authentication and rate limiting.
            </summary>
        </member>
        <member name="F:AdvanceFileUpload.API.Security.ApiKeyOptions.SectionName">
            <summary>
            The name of the configuration section for API key options.
            </summary>
        </member>
        <member name="P:AdvanceFileUpload.API.Security.ApiKeyOptions.APIKeys">
            <summary>
            A list of API keys used for authentication and rate limiting.
            </summary>
        </member>
        <member name="P:AdvanceFileUpload.API.Security.ApiKeyOptions.EnableAPIKeyAuthentication">
            <summary>
            Indicates whether API key authentication is enabled.
            </summary>
        </member>
        <member name="P:AdvanceFileUpload.API.Security.ApiKeyOptions.EnableRateLimiting">
            <summary>
            Indicates whether rate limiting is enabled.
            </summary>
        </member>
        <member name="P:AdvanceFileUpload.API.Security.ApiKeyOptions.DefaultMaxRequestsPerMinute">
            <summary>
            The default maximum number of requests allowed per minute for rate limiting.
            </summary>
        </member>
        <member name="T:AdvanceFileUpload.API.Security.ClientRateLimit">
            <summary>
            Represents the rate limit configuration for a client.
            </summary>
        </member>
        <member name="P:AdvanceFileUpload.API.Security.ClientRateLimit.RequestsPerMinute">
            <summary>
            Gets or sets the maximum number of requests a client can make per minute.
            </summary>
        </member>
        <member name="T:AdvanceFileUpload.API.KestrelConfiguration">
            <summary>
            Represents the configurable settings for the Kestrel web server.<br></br>
            Includes endpoint definitions, connection limits, HTTPS defaults, and HTTP/2 and HTTP/3 specific configurations.
            </summary>
        </member>
        <member name="F:AdvanceFileUpload.API.KestrelConfiguration.SectionName">
            <summary>
            The configuration section name for Kestrel server options.
            </summary>
        </member>
        <member name="P:AdvanceFileUpload.API.KestrelConfiguration.Endpoints">
            <summary>
            Gets or sets the dictionary of endpoints for the server.<br></br>
            Key represents the endpoint identifier, and value holds the endpoint settings.
            </summary>
        </member>
        <member name="P:AdvanceFileUpload.API.KestrelConfiguration.Limits">
            <summary>
            Gets or sets the server-wide connection and request limits.
            </summary>
        </member>
        <member name="P:AdvanceFileUpload.API.KestrelConfiguration.Https">
            <summary>
            Gets or sets the global HTTPS configuration defaults.
            </summary>
        </member>
        <member name="P:AdvanceFileUpload.API.KestrelConfiguration.Http2">
            <summary>
            Gets or sets the HTTP/2 specific configuration settings.
            </summary>
        </member>
        <member name="P:AdvanceFileUpload.API.KestrelConfiguration.Http3">
            <summary>
            Gets or sets the HTTP/3 specific configuration settings.
            </summary>
        </member>
        <member name="T:AdvanceFileUpload.API.EndpointSettings">
            <summary>
            Defines the configuration for an individual endpoint, including network binding, security, and protocol options.
            </summary>
        </member>
        <member name="P:AdvanceFileUpload.API.EndpointSettings.Ip">
            <summary>
            Gets or sets the IP address to bind.<br></br>
            Use "0.0.0.0" to listen on all network interfaces.
            </summary>
            <value>Default Value: 0.0.0.0</value>
        </member>
        <member name="P:AdvanceFileUpload.API.EndpointSettings.Port">
            <summary>
            Gets or sets the port number on which the server will listen.
            </summary>
        </member>
        <member name="P:AdvanceFileUpload.API.EndpointSettings.Https">
            <summary>
            Gets or sets a value indicating whether HTTPS is enabled for this endpoint.
            </summary>
        </member>
        <member name="P:AdvanceFileUpload.API.EndpointSettings.Protocols">
            <summary>
            Gets or sets the allowed HTTP protocols for this endpoint.
            Supported values are "Http1", "Http2", and "Http3".
            </summary>
        </member>
        <member name="P:AdvanceFileUpload.API.EndpointSettings.Certificate">
            <summary>
            Gets or sets the certificate settings for HTTPS on this endpoint.
            </summary>
        </member>
        <member name="P:AdvanceFileUpload.API.EndpointSettings.ClientCertificateMode">
            <summary>
            Gets or sets the client certificate mode.
            Options include: "NoCertificate", "AllowCertificate", "RequireCertificate".
            </summary>
        </member>
        <member name="P:AdvanceFileUpload.API.EndpointSettings.SslProtocols">
            <summary>
            Gets or sets the allowed SSL/TLS protocol versions.
            Typically includes "Tls12" and "Tls13".
            </summary>
        </member>
        <member name="T:AdvanceFileUpload.API.CertificateSettings">
            <summary>
            Represents the certificate configuration options for HTTPS endpoints.
            Provides information for locating and authenticating the certificate.
            </summary>
        </member>
        <member name="P:AdvanceFileUpload.API.CertificateSettings.Path">
            <summary>
            Gets or sets the file path to the certificate (PFX or P12 format).
            </summary>
        </member>
        <member name="P:AdvanceFileUpload.API.CertificateSettings.Password">
            <summary>
            Gets or sets the certificate password.
            It is recommended to use environment variables or secure stores for production.
            </summary>
        </member>
        <member name="P:AdvanceFileUpload.API.CertificateSettings.Store">
            <summary>
            Gets or sets the name of the Windows certificate store (e.g., "My", "Root").
            </summary>
        </member>
        <member name="P:AdvanceFileUpload.API.CertificateSettings.Location">
            <summary>
            Gets or sets the certificate store location, such as "LocalMachine" or "CurrentUser".
            </summary>
        </member>
        <member name="P:AdvanceFileUpload.API.CertificateSettings.Subject">
            <summary>
            Gets or sets the subject name for certificate lookup in the store.
            </summary>
        </member>
        <member name="T:AdvanceFileUpload.API.KestrelLimits">
            <summary>
            Describes the server-wide limits for connections and requests.
            Controls settings such as timeouts, maximum sizes, and data rates.
            </summary>
        </member>
        <member name="P:AdvanceFileUpload.API.KestrelLimits.KeepAliveTimeout">
            <summary>
            <inheritdoc cref="P:Microsoft.AspNetCore.Server.Kestrel.Core.KestrelServerLimits.KeepAliveTimeout"/>
            </summary>
        </member>
        <member name="P:AdvanceFileUpload.API.KestrelLimits.RequestHeadersTimeout">
            <summary>
            <inheritdoc cref="P:Microsoft.AspNetCore.Server.Kestrel.Core.KestrelServerLimits.RequestHeadersTimeout"/>
            </summary>
        </member>
        <member name="P:AdvanceFileUpload.API.KestrelLimits.MaxConcurrentConnections">
            <summary>
            <inheritdoc cref="P:Microsoft.AspNetCore.Server.Kestrel.Core.KestrelServerLimits.MaxConcurrentConnections"/>
            </summary>
        </member>
        <member name="P:AdvanceFileUpload.API.KestrelLimits.MaxConcurrentUpgradedConnections">
            <summary>
            <inheritdoc cref="P:Microsoft.AspNetCore.Server.Kestrel.Core.KestrelServerLimits.MaxConcurrentUpgradedConnections"/>
            </summary>
        </member>
        <member name="P:AdvanceFileUpload.API.KestrelLimits.MaxRequestBodySize">
            <summary>
            <inheritdoc cref="P:Microsoft.AspNetCore.Server.Kestrel.Core.KestrelServerLimits.MaxRequestBodySize"/>
            </summary>
        </member>
        <member name="P:AdvanceFileUpload.API.KestrelLimits.MinRequestBodyDataRate">
            <summary>
            <inheritdoc cref="P:Microsoft.AspNetCore.Server.Kestrel.Core.KestrelServerLimits.MinRequestBodyDataRate"/>
            </summary>
        </member>
        <member name="P:AdvanceFileUpload.API.KestrelLimits.MinRequestBodyDataRatePeriod">
            <summary>
            The grace period for the minimum request body data rate.<br></br>
            Default is 15 seconds.
            </summary>
        </member>
        <member name="P:AdvanceFileUpload.API.KestrelLimits.MinResponseDataRate">
            <summary>
            <inheritdoc cref="P:Microsoft.AspNetCore.Server.Kestrel.Core.KestrelServerLimits.MinResponseDataRate"/>
            </summary>
        </member>
        <member name="P:AdvanceFileUpload.API.KestrelLimits.MinResponseDataRatePeriod">
            <summary>
             The grace period for the minimum response data rate.<br></br>
             Default is 15 seconds.
            </summary>
        </member>
        <member name="P:AdvanceFileUpload.API.KestrelLimits.MaxResponseBufferSize">
            <summary>
            <inheritdoc cref="P:Microsoft.AspNetCore.Server.Kestrel.Core.KestrelServerLimits.MaxResponseBufferSize"/>
            </summary>
        </member>
        <member name="P:AdvanceFileUpload.API.KestrelLimits.MaxRequestBufferSize">
            <summary>
            <inheritdoc cref="P:Microsoft.AspNetCore.Server.Kestrel.Core.KestrelServerLimits.MaxRequestBufferSize"/>
            </summary>
        </member>
        <member name="P:AdvanceFileUpload.API.KestrelLimits.MaxRequestHeadersTotalSize">
            <summary>
            <inheritdoc cref="P:Microsoft.AspNetCore.Server.Kestrel.Core.KestrelServerLimits.MaxRequestHeadersTotalSize"/>
            </summary>
        </member>
        <member name="P:AdvanceFileUpload.API.KestrelLimits.MaxRequestLineSize">
            <summary>
            <inheritdoc cref="P:Microsoft.AspNetCore.Server.Kestrel.Core.KestrelServerLimits.MaxRequestLineSize"/>
            </summary>
        </member>
        <member name="P:AdvanceFileUpload.API.KestrelLimits.MaxRequestHeaderCount">
            <summary>
            <inheritdoc cref="P:Microsoft.AspNetCore.Server.Kestrel.Core.KestrelServerLimits.MaxRequestHeaderCount"/>
            </summary>
        </member>
        <member name="P:AdvanceFileUpload.API.KestrelLimits.AllowSynchronousIO">
            <summary>
            <inheritdoc cref="P:Microsoft.AspNetCore.Server.Kestrel.Core.KestrelServerOptions.AllowSynchronousIO"/>
            </summary>
        </member>
        <member name="T:AdvanceFileUpload.API.KestrelHttpsSettings">
            <summary>
            Represents the global HTTPS configuration defaults for Kestrel.
            This configuration is applied if not overridden by endpoints.
            </summary>
        </member>
        <member name="P:AdvanceFileUpload.API.KestrelHttpsSettings.CheckCertificateRevocation">
            <summary>
            Gets or sets a value indicating whether the server should check for certificate revocation.
            Default is true.
            </summary>
        </member>
        <member name="P:AdvanceFileUpload.API.KestrelHttpsSettings.ClientCertificateMode">
            <summary>
            Gets or sets the default client certificate mode.
            Options include "NoCertificate", "AllowCertificate", and "RequireCertificate".
            </summary>
        </member>
        <member name="P:AdvanceFileUpload.API.KestrelHttpsSettings.AllowedProtocols">
            <summary>
            Gets or sets a list of allowed SSL protocols.
            Options include  "None", "Ssl2", "Ssl3", "Tls","Default","Tls11","Tls12", "Tls13"
            Defaults typically include "Default", "Tls12" and "Tls13".
            </summary>
        </member>
        <member name="T:AdvanceFileUpload.API.KestrelHttp2Settings">
            <summary>
            Contains configuration settings specific to HTTP/2.
            Manages stream limits, header compression, and frame sizes.
            </summary>
        </member>
        <member name="P:AdvanceFileUpload.API.KestrelHttp2Settings.MaxStreamsPerConnection">
            <summary>
            Gets or sets the maximum number of concurrent streams allowed per connection.<br></br>
            <inheritdoc cref="P:Microsoft.AspNetCore.Server.Kestrel.Core.Http2Limits.MaxStreamsPerConnection"/>
            </summary>
        </member>
        <member name="P:AdvanceFileUpload.API.KestrelHttp2Settings.HeaderTableSize">
            <summary>
            Gets or sets the size of the HPACK header compression table.
            <inheritdoc cref="P:Microsoft.AspNetCore.Server.Kestrel.Core.Http2Limits.HeaderTableSize"/>
            </summary>
        </member>
        <member name="P:AdvanceFileUpload.API.KestrelHttp2Settings.MaxFrameSize">
            <summary>
            Gets or sets the maximum allowed frame size in bytes.<br></br>
            <inheritdoc cref="P:Microsoft.AspNetCore.Server.Kestrel.Core.Http2Limits.MaxFrameSize"/>
            </summary>
        </member>
        <member name="T:AdvanceFileUpload.API.KestrelHttp3Settings">
            <summary>
            Contains configuration settings specific to HTTP/3.
            Enables or disables HTTP/3 support on the server.
            </summary>
        </member>
        <member name="P:AdvanceFileUpload.API.KestrelHttp3Settings.Enable">
            <summary>
            Gets or sets a value indicating whether HTTP/3 is enabled.
            </summary>
        </member>
        <member name="M:AdvanceFileUpload.API.ServiceConfiguration.ConfigureApplicationServices(Microsoft.Extensions.DependencyInjection.IServiceCollection,Microsoft.Extensions.Configuration.IConfiguration)">
            <summary>
             Configures the application services by setting up core services and rate limiting.
             </summary>
             <param name="services">The service collection to which services are added.</param>
             <param name="configuration">The application configuration containing settings.</param>
        </member>
        <member name="M:AdvanceFileUpload.API.ServiceConfiguration.ConfigureCoreServices(Microsoft.Extensions.DependencyInjection.IServiceCollection,Microsoft.Extensions.Configuration.IConfiguration)">
            <summary>
            Configures the core services required for the application.
            </summary>
            <param name="services">The service collection to which services are added.</param>
            <param name="configuration">The application configuration containing settings.</param>
        </member>
        <member name="M:AdvanceFileUpload.API.ServiceConfiguration.EnsureDbMigration(Microsoft.AspNetCore.Builder.IApplicationBuilder)">
            <summary>
            Ensures that the database schema is up-to-date by applying any pending migrations.
            This method should only be used in development environments.
            </summary>
            <param name="app">The application builder used to configure the app's request pipeline.</param>
        </member>
        <member name="M:AdvanceFileUpload.API.ServiceConfiguration.ConfigureRateLimiting(Microsoft.Extensions.DependencyInjection.IServiceCollection,Microsoft.Extensions.Configuration.IConfiguration)">
            <summary>
            Configures rate limiting for the application based on API key settings.
            </summary>
            <param name="services">The service collection to which services are added.</param>
            <param name="configuration">The application configuration containing settings.</param>
        </member>
        <member name="M:AdvanceFileUpload.API.ServiceConfiguration.CreateRateLimiter(System.String,System.Int32)">
            <summary>
            Creates a rate limiter partition for a specific key with a defined request limit per minute.
            </summary>
            <param name="partitionKey">The key used to identify the rate limiter partition.</param>
            <param name="requestsPerMinute">The maximum number of requests allowed per minute.</param>
            <returns>A rate limiter partition configured with the specified settings.</returns>
        </member>
        <member name="M:AdvanceFileUpload.API.ServiceConfiguration.ConfigureUploadServer(Microsoft.Extensions.Hosting.IHostApplicationBuilder,Microsoft.AspNetCore.Hosting.IWebHostBuilder)">
            <summary>
            Configures the upload server using Kestrel.
            </summary>
            <param name="builder"></param>
            <param name="webHost"></param>
            <exception cref="T:System.ArgumentNullException"></exception>
            <exception cref="T:System.InvalidOperationException"></exception>
        </member>
        <member name="M:AdvanceFileUpload.API.ServiceConfiguration.ConfigureListenOptions(Microsoft.AspNetCore.Server.Kestrel.Core.ListenOptions,AdvanceFileUpload.API.EndpointSettings)">
            <summary>
            Configure the listen options for a specific endpoint.
            </summary>
            <param name="listenOptions"></param>
            <param name="endpoint"></param>
            <exception cref="T:System.InvalidOperationException"></exception>
        </member>
        <member name="M:AdvanceFileUpload.API.ServiceConfiguration.ValidateConfiguration(AdvanceFileUpload.API.KestrelConfiguration)">
            <summary>
            Validate critical configuration values
            </summary>
        </member>
        <member name="M:AdvanceFileUpload.API.ServiceConfiguration.GetSslProtocols(System.Collections.Generic.List{System.String})">
            <summary>
            Convert string list to SslProtocols enum
            </summary>
        </member>
        <member name="M:AdvanceFileUpload.API.ServiceConfiguration.GetHttpProtocols(System.Collections.Generic.List{System.String})">
            <summary>
            Convert string list to HttpProtocols enum
            </summary>
        </member>
        <member name="T:AdvanceFileUpload.API.SessionStatusCheckerWorker">
            <summary>
            Background service that periodically checks the status of sessions.
            </summary>
        </member>
        <member name="M:AdvanceFileUpload.API.SessionStatusCheckerWorker.#ctor(AdvanceFileUpload.API.IPeriodicTimer,System.IServiceProvider,Microsoft.Extensions.Logging.ILogger{AdvanceFileUpload.API.SessionStatusCheckerWorker})">
            <summary>
            Initializes a new instance of the <see cref="T:AdvanceFileUpload.API.SessionStatusCheckerWorker"/> class.
            </summary>
            <param name="periodicTimer">The timer used to control the periodic execution.</param>
            <param name="serviceProvider">The service provider for resolving dependencies.</param>
            <param name="logger">The logger for logging information and errors.</param>
            <exception cref="T:System.ArgumentNullException">Thrown when any of the parameters are null.</exception>
        </member>
        <member name="M:AdvanceFileUpload.API.SessionStatusCheckerWorker.ExecuteAsync(System.Threading.CancellationToken)">
            <summary>
            Executes the background service logic.
            </summary>
            <param name="stoppingToken">A token to monitor for cancellation requests.</param>
            <returns>A task that represents the asynchronous operation.</returns>
        </member>
    </members>
</doc>
