<?xml version="1.0"?>
<doc>
    <assembly>
        <name>AdvanceFileUpload.Application</name>
    </assembly>
    <members>
        <member name="T:AdvanceFileUpload.Application.EventHandling.ChunkUploadedEventHandler">
            <summary>
            Handles the <see cref="T:AdvanceFileUpload.Domain.Events.ChunkUploadedEvent"/> notification. and publishes integration events if enabled in the settings.<br/>
            </summary>
        </member>
        <member name="M:AdvanceFileUpload.Application.EventHandling.ChunkUploadedEventHandler.#ctor(AdvanceFileUpload.Domain.Core.IRepository{AdvanceFileUpload.Domain.FileUploadSession},AdvanceFileUpload.Application.Hubs.IUploadProcessNotifier,AdvanceFileUpload.Integration.IIntegrationEventPublisher,Microsoft.Extensions.Options.IOptions{AdvanceFileUpload.Application.Settings.UploadSetting},Microsoft.Extensions.Logging.ILogger{AdvanceFileUpload.Application.EventHandling.ChunkUploadedEventHandler})">
            <summary>
            Initializes a new instance of the <see cref="T:AdvanceFileUpload.Application.EventHandling.ChunkUploadedEventHandler"/> class.
            </summary>
            <param name="fileUploadSessionRepository">The repository for managing file upload sessions.</param>
            <param name="uploadProcessNotifier">The notifier for upload progress updates.</param>
            <param name="integrationEventPublisher">The publisher for integration events.</param>
            <param name="uploadSetting">The upload settings configuration.</param>
            <param name="logger">The logger for logging information and warnings.</param>
            <exception cref="T:System.ArgumentNullException">Thrown when any of the dependencies are null.</exception>
        </member>
        <member name="M:AdvanceFileUpload.Application.EventHandling.ChunkUploadedEventHandler.Handle(AdvanceFileUpload.Domain.Events.ChunkUploadedEvent,System.Threading.CancellationToken)">
            <summary>
            Handles the <see cref="T:AdvanceFileUpload.Domain.Events.ChunkUploadedEvent"/> notification.
            </summary>
            <param name="notification">The event notification containing details of the uploaded chunk.</param>
            <param name="cancellationToken">A token to monitor for cancellation requests.</param>
            <returns>A task that represents the asynchronous operation.</returns>
            <exception cref="T:System.ArgumentNullException">Thrown when the notification is null.</exception>
        </member>
        <member name="T:AdvanceFileUpload.Application.EventHandling.DomainEventPublisher">
            <summary>
             Represents a domain event publisher.
            </summary>
        </member>
        <member name="M:AdvanceFileUpload.Application.EventHandling.DomainEventPublisher.#ctor(MediatR.IPublisher,Microsoft.Extensions.Logging.ILogger{AdvanceFileUpload.Application.EventHandling.DomainEventPublisher})">
            <summary>
            Initializes a new instance of the <see cref="T:AdvanceFileUpload.Application.EventHandling.DomainEventPublisher"/> class.
            </summary>
            <param name="publisher"></param>
            <param name="logger"></param>
            <exception cref="T:System.ArgumentNullException"></exception>
        </member>
        <member name="M:AdvanceFileUpload.Application.EventHandling.DomainEventPublisher.PublishAsync(AdvanceFileUpload.Domain.Core.IDomainEvent,System.Threading.CancellationToken)">
            <inheritdoc/>
        </member>
        <member name="M:AdvanceFileUpload.Application.EventHandling.DomainEventPublisher.PublishAsync(System.Collections.Generic.IEnumerable{AdvanceFileUpload.Domain.Core.IDomainEvent},System.Threading.CancellationToken)">
            <inheritdoc/>
        </member>
        <member name="T:AdvanceFileUpload.Application.EventHandling.FileUploadSessionCanceledEventHandler">
            <summary>
            Handles the <see cref="T:AdvanceFileUpload.Domain.Events.FileUploadSessionCanceledEvent"/> to perform necessary actions when a file upload session is canceled.
            </summary>
        </member>
        <member name="M:AdvanceFileUpload.Application.EventHandling.FileUploadSessionCanceledEventHandler.#ctor(Microsoft.Extensions.Options.IOptions{AdvanceFileUpload.Application.Settings.UploadSetting},AdvanceFileUpload.Integration.IIntegrationEventPublisher,AdvanceFileUpload.Domain.Core.IRepository{AdvanceFileUpload.Domain.FileUploadSession},Microsoft.Extensions.Logging.ILogger{AdvanceFileUpload.Application.EventHandling.FileUploadSessionCreatedEventHandler})">
            <summary>
            Initializes a new instance of the <see cref="T:AdvanceFileUpload.Application.EventHandling.FileUploadSessionCanceledEventHandler"/> class.
            </summary>
            <param name="uploadSetting">The upload settings.</param>
            <param name="integrationEventPublisher">The integration event publisher.</param>
            <param name="fileUploadSessionRepository">The repository for file upload sessions.</param>
            <param name="logger">The logger instance.</param>
            <exception cref="T:System.ArgumentNullException">Thrown when any of the parameters are null.</exception>
        </member>
        <member name="M:AdvanceFileUpload.Application.EventHandling.FileUploadSessionCanceledEventHandler.Handle(AdvanceFileUpload.Domain.Events.FileUploadSessionCanceledEvent,System.Threading.CancellationToken)">
            <summary>
            Handles the <see cref="T:AdvanceFileUpload.Domain.Events.FileUploadSessionCanceledEvent"/> by deleting associated chunk files and publishing an integration event if enabled.
            </summary>
            <param name="notification">The event notification containing the file upload session details.</param>
            <param name="cancellationToken">The cancellation token.</param>
            <returns>A task that represents the asynchronous operation.</returns>
        </member>
        <member name="T:AdvanceFileUpload.Application.EventHandling.FileUploadSessionCompletedEventHandler">
            <summary>
            Handles the <see cref="T:AdvanceFileUpload.Domain.Events.FileUploadSessionCompletedEvent"/> to process the uploaded file session.
            </summary>
        </member>
        <member name="M:AdvanceFileUpload.Application.EventHandling.FileUploadSessionCompletedEventHandler.#ctor(AdvanceFileUpload.Application.FileProcessing.IFileProcessor,AdvanceFileUpload.Application.Compression.IFileCompressor,Microsoft.Extensions.Options.IOptions{AdvanceFileUpload.Application.Settings.UploadSetting},AdvanceFileUpload.Integration.IIntegrationEventPublisher,Microsoft.Extensions.Logging.ILogger{AdvanceFileUpload.Application.EventHandling.FileUploadSessionCompletedEventHandler})">
            <summary>
            Initializes a new instance of the <see cref="T:AdvanceFileUpload.Application.EventHandling.FileUploadSessionCompletedEventHandler"/> class.
            </summary>
            <param name="fileProcessor">The file processor to handle file operations.</param>
            <param name="fileCompressor">The file compressor to handle compression and decompression.</param>
            <param name="uploadSetting">The upload settings configuration.</param>
            <param name="integrationEventPublisher">The integration event publisher for publishing events.</param>
            <param name="logger">The logger instance for logging operations.</param>
            <exception cref="T:System.ArgumentNullException">Thrown when any of the required dependencies are null.</exception>
        </member>
        <member name="M:AdvanceFileUpload.Application.EventHandling.FileUploadSessionCompletedEventHandler.Handle(AdvanceFileUpload.Domain.Events.FileUploadSessionCompletedEvent,System.Threading.CancellationToken)">
            <summary>
            Handles the <see cref="T:AdvanceFileUpload.Domain.Events.FileUploadSessionCompletedEvent"/> to process the uploaded file session.
            </summary>
            <param name="notification">The event notification containing the file upload session details.</param>
            <param name="cancellationToken">A token to monitor for cancellation requests.</param>
            <returns>A task that represents the asynchronous operation.</returns>
            <exception cref="T:System.ArgumentNullException">Thrown when the notification is null.</exception>
        </member>
        <member name="T:AdvanceFileUpload.Application.EventHandling.FileUploadSessionCreatedEventHandler">
            <summary>
            Handles the <see cref="T:AdvanceFileUpload.Domain.Events.FileUploadSessionCreatedEvent"/> to publish integration events if enabled.
            </summary>
        </member>
        <member name="M:AdvanceFileUpload.Application.EventHandling.FileUploadSessionCreatedEventHandler.#ctor(Microsoft.Extensions.Options.IOptions{AdvanceFileUpload.Application.Settings.UploadSetting},AdvanceFileUpload.Integration.IIntegrationEventPublisher,Microsoft.Extensions.Logging.ILogger{AdvanceFileUpload.Application.EventHandling.FileUploadSessionCreatedEventHandler})">
            <summary>
            Initializes a new instance of the <see cref="T:AdvanceFileUpload.Application.EventHandling.FileUploadSessionCreatedEventHandler"/> class.
            </summary>
            <param name="uploadSetting">The upload settings.</param>
            <param name="integrationEventPublisher">The integration event publisher.</param>
            <param name="logger">The logger instance.</param>
            <exception cref="T:System.ArgumentNullException">Thrown when any of the parameters are null.</exception>
        </member>
        <member name="M:AdvanceFileUpload.Application.EventHandling.FileUploadSessionCreatedEventHandler.Handle(AdvanceFileUpload.Domain.Events.FileUploadSessionCreatedEvent,System.Threading.CancellationToken)">
            <summary>
            Handles the <see cref="T:AdvanceFileUpload.Domain.Events.FileUploadSessionCreatedEvent"/> by publishing an integration event if enabled in the settings.
            </summary>
            <param name="notification">The event notification containing the file upload session details.</param>
            <param name="cancellationToken">The cancellation token.</param>
            <returns>A task that represents the asynchronous operation.</returns>
            <exception cref="T:System.ArgumentNullException">Thrown when the notification is null.</exception>
        </member>
        <member name="T:AdvanceFileUpload.Application.EventHandling.FileUploadSessionFieldEventHandler">
            <summary>
            Handles the <see cref="T:AdvanceFileUpload.Domain.Events.FileUploadSessionFailedEvent"/> notification.
            </summary>
        </member>
        <member name="M:AdvanceFileUpload.Application.EventHandling.FileUploadSessionFieldEventHandler.#ctor(Microsoft.Extensions.Options.IOptions{AdvanceFileUpload.Application.Settings.UploadSetting},AdvanceFileUpload.Integration.IIntegrationEventPublisher,Microsoft.Extensions.Logging.ILogger{AdvanceFileUpload.Application.EventHandling.FileUploadSessionCreatedEventHandler})">
            <summary>
            Initializes a new instance of the <see cref="T:AdvanceFileUpload.Application.EventHandling.FileUploadSessionFieldEventHandler"/> class.
            </summary>
            <param name="uploadSetting">The upload settings.</param>
            <param name="integrationEventPublisher">The integration event publisher.</param>
            <param name="logger">The logger instance.</param>
            <exception cref="T:System.ArgumentNullException">Thrown when any of the required dependencies are null.</exception>
        </member>
        <member name="M:AdvanceFileUpload.Application.EventHandling.FileUploadSessionFieldEventHandler.Handle(AdvanceFileUpload.Domain.Events.FileUploadSessionFailedEvent,System.Threading.CancellationToken)">
            <summary>
            Handles the <see cref="T:AdvanceFileUpload.Domain.Events.FileUploadSessionFailedEvent"/> by deleting chunk files and optionally publishing an integration event.
            </summary>
            <param name="notification">The event notification containing details of the failed file upload session.</param>
            <param name="cancellationToken">A token to monitor for cancellation requests.</param>
            <returns>A task that represents the asynchronous operation.</returns>
        </member>
        <member name="T:AdvanceFileUpload.Application.EventHandling.FileUploadSessionPausedEventHandler">
            <summary>
            Handles the <see cref="T:AdvanceFileUpload.Domain.Events.FileUploadSessionPausedEvent"/> to perform necessary actions when a file upload session is paused.
            </summary>
        </member>
        <member name="M:AdvanceFileUpload.Application.EventHandling.FileUploadSessionPausedEventHandler.#ctor(Microsoft.Extensions.Options.IOptions{AdvanceFileUpload.Application.Settings.UploadSetting},AdvanceFileUpload.Integration.IIntegrationEventPublisher,Microsoft.Extensions.Logging.ILogger{AdvanceFileUpload.Application.EventHandling.FileUploadSessionCreatedEventHandler})">
            <summary>
            Initializes a new instance of the <see cref="T:AdvanceFileUpload.Application.EventHandling.FileUploadSessionPausedEventHandler"/> class.
            </summary>
            <param name="uploadSetting">The upload settings configuration.</param>
            <param name="integrationEventPublisher">The integration event publisher for publishing events.</param>
            <param name="logger">The logger instance for logging information.</param>
            <exception cref="T:System.ArgumentNullException">Thrown when any of the required dependencies are null.</exception>
        </member>
        <member name="M:AdvanceFileUpload.Application.EventHandling.FileUploadSessionPausedEventHandler.Handle(AdvanceFileUpload.Domain.Events.FileUploadSessionPausedEvent,System.Threading.CancellationToken)">
            <summary>
            Handles the <see cref="T:AdvanceFileUpload.Domain.Events.FileUploadSessionPausedEvent"/> by logging the event and publishing an integration event if enabled.
            </summary>
            <param name="notification">The event notification containing details of the paused file upload session.</param>
            <param name="cancellationToken">A token to monitor for cancellation requests.</param>
            <returns>A task that represents the asynchronous operation.</returns>
        </member>
        <member name="T:AdvanceFileUpload.Application.Hubs.IUploadProcessNotifier">
            <summary>
            Interface for notifying clients about the progress of an upload session.
            </summary>
        </member>
        <member name="M:AdvanceFileUpload.Application.Hubs.IUploadProcessNotifier.NotifyUploadProgressAsync(System.String,AdvanceFileUpload.Application.Response.UploadSessionStatusNotification,System.Threading.CancellationToken)">
            <summary>
            Sends a notification to a specific client about the progress of an upload session.
            </summary>
            <param name="connectionId">The unique identifier of the client connection.</param>
            <param name="uploadSessionStatusNotification">The status notification of the upload session.</param>
            <param name="cancellationToken">A token to monitor for cancellation requests.</param>
            <returns>A task that represents the asynchronous operation.</returns>
        </member>
        <member name="T:AdvanceFileUpload.Application.Hubs.UploadProcessHub">
            <summary>
            Represents a SignalR hub for managing upload process notifications.
            </summary>
        </member>
        <member name="F:AdvanceFileUpload.Application.Hubs.UploadProcessHub.MethodName">
            <summary>
            The name of the method used to send upload process notifications to clients.
            </summary>
        </member>
        <member name="M:AdvanceFileUpload.Application.Hubs.UploadProcessHub.SendUploadProcessNotificationAsync(System.String,AdvanceFileUpload.Application.Response.UploadSessionStatusNotification,System.Threading.CancellationToken)">
            <summary>
            Sends an upload process notification to a specific client.
            </summary>
            <param name="connectionId">The connection ID of the client to send the notification to.</param>
            <param name="uploadSessionStatusNotification">The upload session status notification to send.</param>
            <param name="cancellationToken">A token to monitor for cancellation requests.</param>
            <returns>A task that represents the asynchronous operation.</returns>
        </member>
        <member name="T:AdvanceFileUpload.Application.Hubs.UploadProcessNotifier">
            <summary>
            Notifies clients about the progress of an upload session.
            </summary>
        </member>
        <member name="M:AdvanceFileUpload.Application.Hubs.UploadProcessNotifier.#ctor(Microsoft.AspNetCore.SignalR.IHubContext{AdvanceFileUpload.Application.Hubs.UploadProcessHub},Microsoft.Extensions.Logging.ILogger{AdvanceFileUpload.Application.Hubs.UploadProcessNotifier})">
            <summary>
            Initializes a new instance of the <see cref="T:AdvanceFileUpload.Application.Hubs.UploadProcessNotifier"/> class.
            </summary>
            <param name="hubContext">The SignalR hub context used to send notifications to clients.</param>
            <param name="logger">The logger used for logging information and warnings.</param>
            <exception cref="T:System.ArgumentNullException">Thrown when <paramref name="hubContext"/> or <paramref name="logger"/> is null.</exception>
        </member>
        <member name="M:AdvanceFileUpload.Application.Hubs.UploadProcessNotifier.NotifyUploadProgressAsync(System.String,AdvanceFileUpload.Application.Response.UploadSessionStatusNotification,System.Threading.CancellationToken)">
            <inheritdoc/>
        </member>
        <member name="T:AdvanceFileUpload.Application.IUploadManger">
            <summary>
            Interface for managing file upload sessions.
            </summary>
        </member>
        <member name="M:AdvanceFileUpload.Application.IUploadManger.CreateUploadSessionAsync(AdvanceFileUpload.Application.Request.CreateUploadSessionRequest,System.Threading.CancellationToken)">
            <summary>
            Creates a new file upload session asynchronously.
            </summary>
            <param name="request">The request containing the details of the file to be uploaded.</param>
            <param name="cancellationToken">The cancellation token to cancel the operation.</param>
            <returns>A task that represents the asynchronous operation. The task result contains the response with the details of the created upload session.</returns>
        </member>
        <member name="M:AdvanceFileUpload.Application.IUploadManger.CompleteUploadSessionAsync(System.Guid,System.Threading.CancellationToken)">
            <summary>
            Completes the file upload session asynchronously.
            </summary>
            <param name="sessionId">The unique identifier of the upload session.</param>
            <param name="cancellationToken">The cancellation token to cancel the operation.</param>
            <returns>A task that represents the asynchronous operation. The task result indicates whether the File was Uploading Completed successfully.</returns>
        </member>
        <member name="M:AdvanceFileUpload.Application.IUploadManger.UploadChunkAsync(AdvanceFileUpload.Application.Request.UploadChunkRequest,System.Threading.CancellationToken)">
            <summary>
            Uploads a chunk of the file asynchronously.
            </summary>
            <param name="request">The request containing the details of the chunk to be uploaded.</param>
            <param name="cancellationToken">The cancellation token to cancel the operation.</param>
            <returns>A task that represents the asynchronous operation. The task result indicates whether the chunk was uploaded successfully.</returns>
        </member>
        <member name="M:AdvanceFileUpload.Application.IUploadManger.GetUploadSessionStatusAsync(System.Guid,System.Threading.CancellationToken)">
            <summary>
            Gets the status of the upload session asynchronously.
            </summary>
            <param name="sessionId">The unique identifier of the upload session.</param>
            <param name="cancellationToken">The cancellation token to cancel the operation.</param>
            <returns>A task that represents the asynchronous operation. The task result contains the response with the status of the upload session.</returns>
        </member>
        <member name="M:AdvanceFileUpload.Application.IUploadManger.CancelUploadSessionAsync(System.Guid,System.Threading.CancellationToken)">
            <summary>
            Cancels the file upload session asynchronously.
            </summary>
            <param name="sessionId">The unique identifier of the upload session.</param>
            <param name="cancellationToken">The cancellation token to cancel the operation.</param>
            <returns>A task that represents the asynchronous operation. The task result indicates whether the session was canceled successfully.</returns>
        </member>
        <member name="M:AdvanceFileUpload.Application.IUploadManger.PauseUploadSessionAsync(System.Guid,System.Threading.CancellationToken)">
            <summary>
             pause the file upload session asynchronously.
            </summary>
            <param name="sessionId">The unique identifier of the upload session.</param>
            <param name="cancellationToken">The cancellation token to cancel the operation.</param>
            <returns>A task that represents the asynchronous operation. The task result indicates whether the session was paused successfully.</returns>
        </member>
        <member name="T:AdvanceFileUpload.Application.SessionsStatusCheckerService">
            <summary>
            Service responsible for checking the status of file upload sessions and marking them as failed if they are older than 48 hours and not completed.
            </summary>
        </member>
        <member name="M:AdvanceFileUpload.Application.SessionsStatusCheckerService.#ctor(AdvanceFileUpload.Domain.Core.IRepository{AdvanceFileUpload.Domain.FileUploadSession},Microsoft.Extensions.Logging.ILogger{AdvanceFileUpload.Application.SessionsStatusCheckerService})">
            <summary>
            Initializes a new instance of the <see cref="T:AdvanceFileUpload.Application.SessionsStatusCheckerService"/> class.
            </summary>
            <param name="fileUploadSessionRepository">The repository for managing file upload sessions.</param>
            <param name="logger">The logger for logging information and errors.</param>
            <exception cref="T:System.ArgumentNullException">Thrown when <paramref name="fileUploadSessionRepository"/> or <paramref name="logger"/> is null.</exception>
        </member>
        <member name="M:AdvanceFileUpload.Application.SessionsStatusCheckerService.CheckStatusAsync(System.Threading.CancellationToken)">
            <summary>
            Checks the status of file upload sessions that are older than 48 hours and not completed.
            Marks such sessions as failed and updates them in the repository.
            </summary>
            <param name="stoppingToken">A token to monitor for cancellation requests.</param>
            <returns>A task that represents the asynchronous operation.</returns>
            <remarks>
            This method fetches sessions with statuses <see cref="F:AdvanceFileUpload.Domain.FileUploadSessionStatus.InProgress"/>, 
            <see cref="F:AdvanceFileUpload.Domain.FileUploadSessionStatus.Paused"/>, or <see cref="F:AdvanceFileUpload.Domain.FileUploadSessionStatus.PendingToComplete"/> 
            that started more than 48 hours ago. It marks them as failed and updates the repository.
            </remarks>
        </member>
        <member name="T:AdvanceFileUpload.Application.Settings.IUploadSetting">
            <summary>
            Interface for upload settings.
            </summary>
        </member>
        <member name="P:AdvanceFileUpload.Application.Settings.IUploadSetting.AllowedExtensions">
            <summary>
            Gets or sets the allowed file extensions.
            </summary>
            <example>
            For example: new string[] { ".jpg", ".png", ".pdf" }
            </example>
        </member>
        <member name="P:AdvanceFileUpload.Application.Settings.IUploadSetting.MaxChunkSize">
            <summary>
            Gets or sets the maximum chunk size for file uploads.
            </summary>
        </member>
        <member name="P:AdvanceFileUpload.Application.Settings.IUploadSetting.MaxFileSize">
            <summary>
            Gets or sets the maximum file size for uploads.
            </summary>
        </member>
        <member name="P:AdvanceFileUpload.Application.Settings.IUploadSetting.SavingDirectory">
            <summary>
            Gets or sets the directory where files will be saved.
            </summary>
        </member>
        <member name="P:AdvanceFileUpload.Application.Settings.IUploadSetting.TempDirectory">
            <summary>
            Gets or sets the directory where temporary files will be saved.
            </summary>
        </member>
        <member name="P:AdvanceFileUpload.Application.Settings.IUploadSetting.EnableCompression">
            <summary>
            Gets or sets a value indicating whether to enable compression.
            </summary>
        </member>
        <member name="P:AdvanceFileUpload.Application.Settings.IUploadSetting.EnableIntegrationEventPublishing">
            <summary>
            Gets or sets a value indicating whether to enable integration event publishing.
            </summary>
        </member>
        <member name="T:AdvanceFileUpload.Application.Settings.UploadSetting">
            <summary>
             Represents the upload settings.
            </summary>
        </member>
        <member name="F:AdvanceFileUpload.Application.Settings.UploadSetting.SectionName">
            <summary>
            The name of the section in the configuration file.
            </summary>
        </member>
        <member name="F:AdvanceFileUpload.Application.Settings.UploadSetting.DefaultMaxChunkSize">
            <summary>
            The default maximum chunk file size.
            </summary>
        </member>
        <member name="P:AdvanceFileUpload.Application.Settings.UploadSetting.SavingDirectory">
            <inheritdoc />
        </member>
        <member name="P:AdvanceFileUpload.Application.Settings.UploadSetting.MaxFileSize">
            <inheritdoc />
        </member>
        <member name="P:AdvanceFileUpload.Application.Settings.UploadSetting.AllowedExtensions">
            <inheritdoc />
        </member>
        <member name="P:AdvanceFileUpload.Application.Settings.UploadSetting.MaxChunkSize">
            <inheritdoc />
        </member>
        <member name="P:AdvanceFileUpload.Application.Settings.UploadSetting.TempDirectory">
            <inheritdoc />
        </member>
        <member name="P:AdvanceFileUpload.Application.Settings.UploadSetting.EnableCompression">
            <inheritdoc/>
        </member>
        <member name="P:AdvanceFileUpload.Application.Settings.UploadSetting.EnableIntegrationEventPublishing">
            <inheritdoc/>
        </member>
        <member name="T:AdvanceFileUpload.Application.UploadManger">
            <summary>
            Represents the upload manager.
            </summary>
        </member>
        <member name="M:AdvanceFileUpload.Application.UploadManger.#ctor(AdvanceFileUpload.Domain.Core.IRepository{AdvanceFileUpload.Domain.FileUploadSession},AdvanceFileUpload.Domain.Core.IDomainEventPublisher,AdvanceFileUpload.Application.Validators.IFileValidator,AdvanceFileUpload.Application.Validators.IChunkValidator,Microsoft.Extensions.Options.IOptions{AdvanceFileUpload.Application.Settings.UploadSetting},AdvanceFileUpload.Application.FileProcessing.IFileProcessor,AdvanceFileUpload.Application.Compression.IFileCompressor,Microsoft.Extensions.Logging.ILogger{AdvanceFileUpload.Application.UploadManger})">
            <summary>
             Initializes a new instance of the <see cref="T:AdvanceFileUpload.Application.UploadManger"/> class.
             </summary>
             <param name="repository">The repository for managing file upload sessions.</param>
             <param name="domainEventPublisher">The publisher for domain events.</param>
             <param name="fileValidator">The validator for file properties.</param>
             <param name="chunkValidator">The validator for file chunks.</param>
             <param name="uploadSetting">The settings for file uploads.</param>
             <param name="fileProcessor">The service for file operations.</param>
             <param name="fileCompressor">The service for file compressor</param>
             <param name="logger">The logger for logging information.</param>
             <exception cref="T:System.ArgumentNullException">
             Thrown when any of the parameters are null.
             </exception>
        </member>
        <member name="M:AdvanceFileUpload.Application.UploadManger.CreateUploadSessionAsync(AdvanceFileUpload.Application.Request.CreateUploadSessionRequest,System.Threading.CancellationToken)">
            <inheritdoc/>
        </member>
        <member name="M:AdvanceFileUpload.Application.UploadManger.CompleteUploadSessionAsync(System.Guid,System.Threading.CancellationToken)">
            <inheritdoc/>
        </member>
        <member name="M:AdvanceFileUpload.Application.UploadManger.UploadChunkAsync(AdvanceFileUpload.Application.Request.UploadChunkRequest,System.Threading.CancellationToken)">
            <inheritdoc/>
        </member>
        <member name="M:AdvanceFileUpload.Application.UploadManger.GetUploadSessionStatusAsync(System.Guid,System.Threading.CancellationToken)">
            <inheritdoc/>
        </member>
        <member name="M:AdvanceFileUpload.Application.UploadManger.CancelUploadSessionAsync(System.Guid,System.Threading.CancellationToken)">
            <inheritdoc/>
        </member>
        <member name="M:AdvanceFileUpload.Application.UploadManger.PauseUploadSessionAsync(System.Guid,System.Threading.CancellationToken)">
            <inheritdoc/>
        </member>
    </members>
</doc>
