<?xml version="1.0"?>
<doc>
    <assembly>
        <name>AdvanceFileUpload.Data</name>
    </assembly>
    <members>
        <member name="T:AdvanceFileUpload.Data.Migrations.InitialCreate">
            <inheritdoc />
        </member>
        <member name="M:AdvanceFileUpload.Data.Migrations.InitialCreate.Up(Microsoft.EntityFrameworkCore.Migrations.MigrationBuilder)">
            <inheritdoc />
        </member>
        <member name="M:AdvanceFileUpload.Data.Migrations.InitialCreate.Down(Microsoft.EntityFrameworkCore.Migrations.MigrationBuilder)">
            <inheritdoc />
        </member>
        <member name="M:AdvanceFileUpload.Data.Migrations.InitialCreate.BuildTargetModel(Microsoft.EntityFrameworkCore.ModelBuilder)">
            <inheritdoc />
        </member>
        <member name="T:AdvanceFileUpload.Data.Migrations.AddConcurrencyToken">
            <inheritdoc />
        </member>
        <member name="M:AdvanceFileUpload.Data.Migrations.AddConcurrencyToken.Up(Microsoft.EntityFrameworkCore.Migrations.MigrationBuilder)">
            <inheritdoc />
        </member>
        <member name="M:AdvanceFileUpload.Data.Migrations.AddConcurrencyToken.Down(Microsoft.EntityFrameworkCore.Migrations.MigrationBuilder)">
            <inheritdoc />
        </member>
        <member name="M:AdvanceFileUpload.Data.Migrations.AddConcurrencyToken.BuildTargetModel(Microsoft.EntityFrameworkCore.ModelBuilder)">
            <inheritdoc />
        </member>
        <member name="T:AdvanceFileUpload.Data.Migrations.AddRowVersion">
            <inheritdoc />
        </member>
        <member name="M:AdvanceFileUpload.Data.Migrations.AddRowVersion.Up(Microsoft.EntityFrameworkCore.Migrations.MigrationBuilder)">
            <inheritdoc />
        </member>
        <member name="M:AdvanceFileUpload.Data.Migrations.AddRowVersion.Down(Microsoft.EntityFrameworkCore.Migrations.MigrationBuilder)">
            <inheritdoc />
        </member>
        <member name="M:AdvanceFileUpload.Data.Migrations.AddRowVersion.BuildTargetModel(Microsoft.EntityFrameworkCore.ModelBuilder)">
            <inheritdoc />
        </member>
        <member name="T:AdvanceFileUpload.Data.FileUploadSessionRepository">
            <summary>
            Represents a repository for managing file upload session entities.
            </summary>
        </member>
        <member name="M:AdvanceFileUpload.Data.FileUploadSessionRepository.#ctor(AdvanceFileUpload.Data.ApploicationDbContext,Microsoft.Extensions.Logging.ILogger{AdvanceFileUpload.Data.FileUploadSessionRepository})">
            <summary>
            Initializes a new instance of the <see cref="T:AdvanceFileUpload.Data.FileUploadSessionRepository"/> class.
            </summary>
            <param name="context">The Application Db Context</param>
            <param name="logger"></param>
            <exception cref="T:System.ArgumentNullException"></exception>
        </member>
        <member name="M:AdvanceFileUpload.Data.FileUploadSessionRepository.AddAsync(AdvanceFileUpload.Domain.FileUploadSession,System.Threading.CancellationToken)">
            <inheritdoc />
        </member>
        <member name="M:AdvanceFileUpload.Data.FileUploadSessionRepository.AnyAsync(System.Threading.CancellationToken)">
            <inheritdoc />
        </member>
        <member name="M:AdvanceFileUpload.Data.FileUploadSessionRepository.AnyAsync(System.Linq.Expressions.Expression{System.Func{AdvanceFileUpload.Domain.FileUploadSession,System.Boolean}},System.Threading.CancellationToken)">
            <inheritdoc />
        </member>
        <member name="M:AdvanceFileUpload.Data.FileUploadSessionRepository.CountAsync(System.Threading.CancellationToken)">
            <inheritdoc />
        </member>
        <member name="M:AdvanceFileUpload.Data.FileUploadSessionRepository.CountAsync(System.Linq.Expressions.Expression{System.Func{AdvanceFileUpload.Domain.FileUploadSession,System.Boolean}},System.Threading.CancellationToken)">
            <inheritdoc />
        </member>
        <member name="M:AdvanceFileUpload.Data.FileUploadSessionRepository.FindAsync(System.Linq.Expressions.Expression{System.Func{AdvanceFileUpload.Domain.FileUploadSession,System.Boolean}},System.Threading.CancellationToken)">
            <inheritdoc />
        </member>
        <member name="M:AdvanceFileUpload.Data.FileUploadSessionRepository.GetAllAsync(System.Threading.CancellationToken)">
            <inheritdoc />
        </member>
        <member name="M:AdvanceFileUpload.Data.FileUploadSessionRepository.GetByIdAsync(System.Guid,System.Threading.CancellationToken)">
            <inheritdoc />
        </member>
        <member name="M:AdvanceFileUpload.Data.FileUploadSessionRepository.RemoveAsync(AdvanceFileUpload.Domain.FileUploadSession,System.Threading.CancellationToken)">
            <inheritdoc />
        </member>
        <member name="M:AdvanceFileUpload.Data.FileUploadSessionRepository.UpdateAsync(AdvanceFileUpload.Domain.FileUploadSession,System.Threading.CancellationToken)">
            <inheritdoc />
        </member>
        <member name="T:AdvanceFileUpload.Data.ServiceConfiguration">
            <summary>
            Provides methods to configure data services for the application.
            </summary>
        </member>
        <member name="M:AdvanceFileUpload.Data.ServiceConfiguration.ConfigureDataServices(Microsoft.Extensions.DependencyInjection.IServiceCollection,System.String)">
            <summary>
            Configures the data services for the application.
            </summary>
            <param name="services">The service collection to add the services to.</param>
            <param name="connectionString">The connection string for the database.</param>
        </member>
    </members>
</doc>
