<?xml version="1.0"?>
<doc>
    <assembly>
        <name>AdvanceFileUpload.Application</name>
    </assembly>
    <members>
        <member name="T:AdvanceFileUpload.Application.EventHandling.DomainEventPublisher">
            <summary>
             Represents a domain event publisher.
            </summary>
        </member>
        <member name="M:AdvanceFileUpload.Application.EventHandling.DomainEventPublisher.#ctor(MediatR.IPublisher,Microsoft.Extensions.Logging.ILogger{AdvanceFileUpload.Application.EventHandling.DomainEventPublisher})">
            <summary>
            Initializes a new instance of the <see cref="T:AdvanceFileUpload.Application.EventHandling.DomainEventPublisher"/> class.
            </summary>
            <param name="publisher"></param>
            <param name="logger"></param>
            <exception cref="T:System.ArgumentNullException"></exception>
        </member>
        <member name="M:AdvanceFileUpload.Application.EventHandling.DomainEventPublisher.PublishAsync(AdvanceFileUpload.Domain.Core.IDomainEvent,System.Threading.CancellationToken)">
            <inheritdoc/>
        </member>
        <member name="M:AdvanceFileUpload.Application.EventHandling.DomainEventPublisher.PublishAsync(System.Collections.Generic.IEnumerable{AdvanceFileUpload.Domain.Core.IDomainEvent},System.Threading.CancellationToken)">
            <inheritdoc/>
        </member>
        <member name="M:AdvanceFileUpload.Application.EventHandling.FileUploadSessionCreatedEventHandler.Handle(AdvanceFileUpload.Domain.Events.FileUploadSessionCreatedEvent,System.Threading.CancellationToken)">
            <inheritdoc/>
        </member>
        <member name="F:AdvanceFileUpload.Application.Hubs.UploadProcessHub.MethodName">
            <summary>
            The name of the method that receives upload process notifications.
            </summary>
        </member>
        <member name="T:AdvanceFileUpload.Application.IUploadManger">
            <summary>
            Interface for managing file upload sessions.
            </summary>
        </member>
        <member name="M:AdvanceFileUpload.Application.IUploadManger.CreateUploadSessionAsync(AdvanceFileUpload.Application.Request.CreateUploadSessionRequest,System.Threading.CancellationToken)">
            <summary>
            Creates a new file upload session asynchronously.
            </summary>
            <param name="request">The request containing the details of the file to be uploaded.</param>
            <param name="cancellationToken">The cancellation token to cancel the operation.</param>
            <returns>A task that represents the asynchronous operation. The task result contains the response with the details of the created upload session.</returns>
        </member>
        <member name="M:AdvanceFileUpload.Application.IUploadManger.CompleteUploadSessionAsync(System.Guid,System.Threading.CancellationToken)">
            <summary>
            Completes the file upload session asynchronously.
            </summary>
            <param name="sessionId">The unique identifier of the upload session.</param>
            <param name="cancellationToken">The cancellation token to cancel the operation.</param>
            <returns>A task that represents the asynchronous operation. The task result indicates whether the File was Uploading Completed successfully.</returns>
        </member>
        <member name="M:AdvanceFileUpload.Application.IUploadManger.UploadChunkAsync(AdvanceFileUpload.Application.Request.UploadChunkRequest,System.Threading.CancellationToken)">
            <summary>
            Uploads a chunk of the file asynchronously.
            </summary>
            <param name="request">The request containing the details of the chunk to be uploaded.</param>
            <param name="cancellationToken">The cancellation token to cancel the operation.</param>
            <returns>A task that represents the asynchronous operation. The task result indicates whether the chunk was uploaded successfully.</returns>
        </member>
        <member name="M:AdvanceFileUpload.Application.IUploadManger.GetUploadSessionStatusAsync(System.Guid,System.Threading.CancellationToken)">
            <summary>
            Gets the status of the upload session asynchronously.
            </summary>
            <param name="sessionId">The unique identifier of the upload session.</param>
            <param name="cancellationToken">The cancellation token to cancel the operation.</param>
            <returns>A task that represents the asynchronous operation. The task result contains the response with the status of the upload session.</returns>
        </member>
        <member name="M:AdvanceFileUpload.Application.IUploadManger.CancelUploadSessionAsync(System.Guid,System.Threading.CancellationToken)">
            <summary>
            Cancels the file upload session asynchronously.
            </summary>
            <param name="sessionId">The unique identifier of the upload session.</param>
            <param name="cancellationToken">The cancellation token to cancel the operation.</param>
            <returns>A task that represents the asynchronous operation. The task result indicates whether the session was canceled successfully.</returns>
        </member>
        <member name="M:AdvanceFileUpload.Application.IUploadManger.PauseUploadSessionAsync(System.Guid,System.Threading.CancellationToken)">
            <summary>
             pause the file upload session asynchronously.
            </summary>
            <param name="sessionId">The unique identifier of the upload session.</param>
            <param name="cancellationToken">The cancellation token to cancel the operation.</param>
            <returns>A task that represents the asynchronous operation. The task result indicates whether the session was paused successfully.</returns>
        </member>
        <member name="T:AdvanceFileUpload.Application.Settings.IUploadSetting">
            <summary>
            Interface for upload settings.
            </summary>
        </member>
        <member name="P:AdvanceFileUpload.Application.Settings.IUploadSetting.AllowedExtensions">
            <summary>
            Gets or sets the allowed file extensions.
            </summary>
            <example>
            For example: new string[] { ".jpg", ".png", ".pdf" }
            </example>
        </member>
        <member name="P:AdvanceFileUpload.Application.Settings.IUploadSetting.MaxChunkSize">
            <summary>
            Gets or sets the maximum chunk size for file uploads.
            </summary>
        </member>
        <member name="P:AdvanceFileUpload.Application.Settings.IUploadSetting.MaxFileSize">
            <summary>
            Gets or sets the maximum file size for uploads.
            </summary>
        </member>
        <member name="P:AdvanceFileUpload.Application.Settings.IUploadSetting.SavingDirectory">
            <summary>
            Gets or sets the directory where files will be saved.
            </summary>
        </member>
        <member name="P:AdvanceFileUpload.Application.Settings.IUploadSetting.TempDirectory">
            <summary>
            Gets or sets the directory where temporary files will be saved.
            </summary>
        </member>
        <member name="P:AdvanceFileUpload.Application.Settings.IUploadSetting.EnableCompression">
            <summary>
            Gets or sets a value indicating whether to enable compression.
            </summary>
        </member>
        <member name="P:AdvanceFileUpload.Application.Settings.IUploadSetting.EnableIntegrationEventPublishing">
            <summary>
            Gets or sets a value indicating whether to enable integration event publishing.
            </summary>
        </member>
        <member name="T:AdvanceFileUpload.Application.Settings.UploadSetting">
            <summary>
             Represents the upload settings.
            </summary>
        </member>
        <member name="F:AdvanceFileUpload.Application.Settings.UploadSetting.SectionName">
            <summary>
            The name of the section in the configuration file.
            </summary>
        </member>
        <member name="F:AdvanceFileUpload.Application.Settings.UploadSetting.DefaultMaxChunkSize">
            <summary>
            The default maximum chunk file size.
            </summary>
        </member>
        <member name="P:AdvanceFileUpload.Application.Settings.UploadSetting.SavingDirectory">
            <inheritdoc />
        </member>
        <member name="P:AdvanceFileUpload.Application.Settings.UploadSetting.MaxFileSize">
            <inheritdoc />
        </member>
        <member name="P:AdvanceFileUpload.Application.Settings.UploadSetting.AllowedExtensions">
            <inheritdoc />
        </member>
        <member name="P:AdvanceFileUpload.Application.Settings.UploadSetting.MaxChunkSize">
            <inheritdoc />
        </member>
        <member name="P:AdvanceFileUpload.Application.Settings.UploadSetting.TempDirectory">
            <inheritdoc />
        </member>
        <member name="P:AdvanceFileUpload.Application.Settings.UploadSetting.EnableCompression">
            <inheritdoc/>
        </member>
        <member name="P:AdvanceFileUpload.Application.Settings.UploadSetting.EnableIntegrationEventPublishing">
            <inheritdoc/>
        </member>
        <member name="T:AdvanceFileUpload.Application.UploadManger">
            <summary>
            Represents the upload manager.
            </summary>
        </member>
        <member name="M:AdvanceFileUpload.Application.UploadManger.#ctor(AdvanceFileUpload.Domain.Core.IRepository{AdvanceFileUpload.Domain.FileUploadSession},AdvanceFileUpload.Domain.Core.IDomainEventPublisher,AdvanceFileUpload.Application.Validators.IFileValidator,AdvanceFileUpload.Application.Validators.IChunkValidator,Microsoft.Extensions.Options.IOptions{AdvanceFileUpload.Application.Settings.UploadSetting},AdvanceFileUpload.Application.FileProcessing.IFileProcessor,AdvanceFileUpload.Application.Compression.IFileCompressor,Microsoft.Extensions.Logging.ILogger{AdvanceFileUpload.Application.UploadManger})">
            <summary>
             Initializes a new instance of the <see cref="T:AdvanceFileUpload.Application.UploadManger"/> class.
             </summary>
             <param name="repository">The repository for managing file upload sessions.</param>
             <param name="domainEventPublisher">The publisher for domain events.</param>
             <param name="fileValidator">The validator for file properties.</param>
             <param name="chunkValidator">The validator for file chunks.</param>
             <param name="uploadSetting">The settings for file uploads.</param>
             <param name="fileProcessor">The service for file operations.</param>
             <param name="fileCompressor">The service for file compressor</param>
             <param name="logger">The logger for logging information.</param>
             <exception cref="T:System.ArgumentNullException">
             Thrown when any of the parameters are null.
             </exception>
        </member>
        <member name="M:AdvanceFileUpload.Application.UploadManger.CreateUploadSessionAsync(AdvanceFileUpload.Application.Request.CreateUploadSessionRequest,System.Threading.CancellationToken)">
            <inheritdoc/>
        </member>
        <member name="M:AdvanceFileUpload.Application.UploadManger.CompleteUploadSessionAsync(System.Guid,System.Threading.CancellationToken)">
            <inheritdoc/>
        </member>
        <member name="M:AdvanceFileUpload.Application.UploadManger.UploadChunkAsync(AdvanceFileUpload.Application.Request.UploadChunkRequest,System.Threading.CancellationToken)">
            <inheritdoc/>
        </member>
        <member name="M:AdvanceFileUpload.Application.UploadManger.GetUploadSessionStatusAsync(System.Guid,System.Threading.CancellationToken)">
            <inheritdoc/>
        </member>
        <member name="M:AdvanceFileUpload.Application.UploadManger.CancelUploadSessionAsync(System.Guid,System.Threading.CancellationToken)">
            <inheritdoc/>
        </member>
        <member name="M:AdvanceFileUpload.Application.UploadManger.PauseUploadSessionAsync(System.Guid,System.Threading.CancellationToken)">
            <inheritdoc/>
        </member>
    </members>
</doc>
