<?xml version="1.0"?>
<doc>
    <assembly>
        <name>AdvanceFileUpload.Integration.Contracts</name>
    </assembly>
    <members>
        <member name="T:AdvanceFileUpload.Integration.Contracts.ChunkUploadedIntegrationEvent">
            <summary>
            Event triggered when a chunk is uploaded.
            </summary>
        </member>
        <member name="P:AdvanceFileUpload.Integration.Contracts.ChunkUploadedIntegrationEvent.SessionId">
            <summary>
            Gets or sets the session identifier.
            </summary>
        </member>
        <member name="P:AdvanceFileUpload.Integration.Contracts.ChunkUploadedIntegrationEvent.ChunkIndex">
            <summary>
            Gets or sets the chunk index.
            </summary>
        </member>
        <member name="M:AdvanceFileUpload.Integration.Contracts.ChunkUploadedIntegrationEvent.ToString">
            <summary>
            Returns a string that represents the current object.
            </summary>
            <returns>A string that represents the current object.</returns>
        </member>
        <member name="T:AdvanceFileUpload.Integration.Contracts.IntegrationConstants">
            <summary>
            Contains constants used for integration purposes.
            </summary>
        </member>
        <member name="T:AdvanceFileUpload.Integration.Contracts.IntegrationConstants.SessionCreatedConstants">
            <summary>
            Constants related to the "Session Created" event.
            </summary>
        </member>
        <member name="F:AdvanceFileUpload.Integration.Contracts.IntegrationConstants.SessionCreatedConstants.Queue">
            <summary>
            The name of the queue for the "Session Created" event.
            </summary>
        </member>
        <member name="F:AdvanceFileUpload.Integration.Contracts.IntegrationConstants.SessionCreatedConstants.RoutingKey">
            <summary>
            The routing key for the "Session Created" event.
            </summary>
        </member>
        <member name="F:AdvanceFileUpload.Integration.Contracts.IntegrationConstants.SessionCreatedConstants.Exchange">
            <summary>
            The exchange name for the "Session Created" event.
            </summary>
        </member>
        <member name="F:AdvanceFileUpload.Integration.Contracts.IntegrationConstants.SessionCreatedConstants.ExchangeType">
            <summary>
            The type of exchange for the "Session Created" event.
            </summary>
        </member>
        <member name="F:AdvanceFileUpload.Integration.Contracts.IntegrationConstants.SessionCreatedConstants.Durable">
            <summary>
            Indicates whether the queue is durable for the "Session Created" event.
            </summary>
        </member>
        <member name="F:AdvanceFileUpload.Integration.Contracts.IntegrationConstants.SessionCreatedConstants.AutoDelete">
            <summary>
            Indicates whether the queue is auto-deleted for the "Session Created" event.
            </summary>
        </member>
        <member name="F:AdvanceFileUpload.Integration.Contracts.IntegrationConstants.SessionCreatedConstants.Exclusive">
            <summary>
            Indicates whether the queue is exclusive for the "Session Created" event.
            </summary>
        </member>
        <member name="T:AdvanceFileUpload.Integration.Contracts.IntegrationConstants.SessionCanceledConstants">
            <summary>
            Constants related to the "Session Canceled" event.
            </summary>
        </member>
        <member name="F:AdvanceFileUpload.Integration.Contracts.IntegrationConstants.SessionCanceledConstants.Queue">
            <summary>
            The name of the queue for the "Session Canceled" event.
            </summary>
        </member>
        <member name="F:AdvanceFileUpload.Integration.Contracts.IntegrationConstants.SessionCanceledConstants.RoutingKey">
            <summary>
            The routing key for the "Session Canceled" event.
            </summary>
        </member>
        <member name="F:AdvanceFileUpload.Integration.Contracts.IntegrationConstants.SessionCanceledConstants.Exchange">
            <summary>
            The exchange name for the "Session Canceled" event.
            </summary>
        </member>
        <member name="F:AdvanceFileUpload.Integration.Contracts.IntegrationConstants.SessionCanceledConstants.ExchangeType">
            <summary>
            The type of exchange for the "Session Canceled" event.
            </summary>
        </member>
        <member name="F:AdvanceFileUpload.Integration.Contracts.IntegrationConstants.SessionCanceledConstants.Durable">
            <summary>
            Indicates whether the queue is durable for the "Session Canceled" event.
            </summary>
        </member>
        <member name="F:AdvanceFileUpload.Integration.Contracts.IntegrationConstants.SessionCanceledConstants.AutoDelete">
            <summary>
            Indicates whether the queue is auto-deleted for the "Session Canceled" event.
            </summary>
        </member>
        <member name="F:AdvanceFileUpload.Integration.Contracts.IntegrationConstants.SessionCanceledConstants.Exclusive">
            <summary>
            Indicates whether the queue is exclusive for the "Session Canceled" event.
            </summary>
        </member>
        <member name="T:AdvanceFileUpload.Integration.Contracts.IntegrationConstants.SessionCompletedConstants">
            <summary>
            Constants related to the "Session Completed" event.
            </summary>
        </member>
        <member name="F:AdvanceFileUpload.Integration.Contracts.IntegrationConstants.SessionCompletedConstants.Queue">
            <summary>
            The name of the queue for the "Session Completed" event.
            </summary>
        </member>
        <member name="F:AdvanceFileUpload.Integration.Contracts.IntegrationConstants.SessionCompletedConstants.RoutingKey">
            <summary>
            The routing key for the "Session Completed" event.
            </summary>
        </member>
        <member name="F:AdvanceFileUpload.Integration.Contracts.IntegrationConstants.SessionCompletedConstants.Exchange">
            <summary>
            The exchange name for the "Session Completed" event.
            </summary>
        </member>
        <member name="F:AdvanceFileUpload.Integration.Contracts.IntegrationConstants.SessionCompletedConstants.ExchangeType">
            <summary>
            The type of exchange for the "Session Completed" event.
            </summary>
        </member>
        <member name="F:AdvanceFileUpload.Integration.Contracts.IntegrationConstants.SessionCompletedConstants.Durable">
            <summary>
            Indicates whether the queue is durable for the "Session Completed" event.
            </summary>
        </member>
        <member name="F:AdvanceFileUpload.Integration.Contracts.IntegrationConstants.SessionCompletedConstants.AutoDelete">
            <summary>
            Indicates whether the queue is auto-deleted for the "Session Completed" event.
            </summary>
        </member>
        <member name="F:AdvanceFileUpload.Integration.Contracts.IntegrationConstants.SessionCompletedConstants.Exclusive">
            <summary>
            Indicates whether the queue is exclusive for the "Session Completed" event.
            </summary>
        </member>
        <member name="T:AdvanceFileUpload.Integration.Contracts.IntegrationConstants.ChunkUploadedConstants">
            <summary>
            Constants related to the "Chunk Uploaded" event.
            </summary>
        </member>
        <member name="F:AdvanceFileUpload.Integration.Contracts.IntegrationConstants.ChunkUploadedConstants.Queue">
            <summary>
            The name of the queue for the "Chunk Uploaded" event.
            </summary>
        </member>
        <member name="F:AdvanceFileUpload.Integration.Contracts.IntegrationConstants.ChunkUploadedConstants.RoutingKey">
            <summary>
            The routing key for the "Chunk Uploaded" event.
            </summary>
        </member>
        <member name="F:AdvanceFileUpload.Integration.Contracts.IntegrationConstants.ChunkUploadedConstants.Exchange">
            <summary>
            The exchange name for the "Chunk Uploaded" event.
            </summary>
        </member>
        <member name="F:AdvanceFileUpload.Integration.Contracts.IntegrationConstants.ChunkUploadedConstants.ExchangeType">
            <summary>
            The type of exchange for the "Chunk Uploaded" event.
            </summary>
        </member>
        <member name="F:AdvanceFileUpload.Integration.Contracts.IntegrationConstants.ChunkUploadedConstants.Durable">
            <summary>
            Indicates whether the queue is durable for the "Chunk Uploaded" event.
            </summary>
        </member>
        <member name="F:AdvanceFileUpload.Integration.Contracts.IntegrationConstants.ChunkUploadedConstants.AutoDelete">
            <summary>
            Indicates whether the queue is auto-deleted for the "Chunk Uploaded" event.
            </summary>
        </member>
        <member name="F:AdvanceFileUpload.Integration.Contracts.IntegrationConstants.ChunkUploadedConstants.Exclusive">
            <summary>
            Indicates whether the queue is exclusive for the "Chunk Uploaded" event.
            </summary>
        </member>
        <member name="T:AdvanceFileUpload.Integration.Contracts.IntegrationConstants.SessionPausedConstants">
            <summary>
            Constants related to the "Session Paused" event.
            </summary>
        </member>
        <member name="F:AdvanceFileUpload.Integration.Contracts.IntegrationConstants.SessionPausedConstants.Queue">
            <summary>
            The name of the queue for the "Session Paused" event.
            </summary>
        </member>
        <member name="F:AdvanceFileUpload.Integration.Contracts.IntegrationConstants.SessionPausedConstants.RoutingKey">
            <summary>
            The routing key for the "Session Paused" event.
            </summary>
        </member>
        <member name="F:AdvanceFileUpload.Integration.Contracts.IntegrationConstants.SessionPausedConstants.Exchange">
            <summary>
            The exchange name for the "Session Paused" event.
            </summary>
        </member>
        <member name="F:AdvanceFileUpload.Integration.Contracts.IntegrationConstants.SessionPausedConstants.ExchangeType">
            <summary>
            The type of exchange for the "Session Paused" event.
            </summary>
        </member>
        <member name="F:AdvanceFileUpload.Integration.Contracts.IntegrationConstants.SessionPausedConstants.Durable">
            <summary>
            Indicates whether the queue is durable for the "Session Paused" event.
            </summary>
        </member>
        <member name="F:AdvanceFileUpload.Integration.Contracts.IntegrationConstants.SessionPausedConstants.AutoDelete">
            <summary>
            Indicates whether the queue is auto-deleted for the "Session Paused" event.
            </summary>
        </member>
        <member name="F:AdvanceFileUpload.Integration.Contracts.IntegrationConstants.SessionPausedConstants.Exclusive">
            <summary>
            Indicates whether the queue is exclusive for the "Session Paused" event.
            </summary>
        </member>
        <member name="T:AdvanceFileUpload.Integration.Contracts.IntegrationConstants.SessionResumedConstants">
            <summary>
            Constants related to the "Session Resumed" event.
            </summary>
        </member>
        <member name="F:AdvanceFileUpload.Integration.Contracts.IntegrationConstants.SessionResumedConstants.Queue">
            <summary>
            The name of the queue for the "Session Resumed" event.
            </summary>
        </member>
        <member name="F:AdvanceFileUpload.Integration.Contracts.IntegrationConstants.SessionResumedConstants.RoutingKey">
            <summary>
            The routing key for the "Session Resumed" event.
            </summary>
        </member>
        <member name="F:AdvanceFileUpload.Integration.Contracts.IntegrationConstants.SessionResumedConstants.Exchange">
            <summary>
            The exchange name for the "Session Resumed" event.
            </summary>
        </member>
        <member name="F:AdvanceFileUpload.Integration.Contracts.IntegrationConstants.SessionResumedConstants.ExchangeType">
            <summary>
            The type of exchange for the "Session Resumed" event.
            </summary>
        </member>
        <member name="F:AdvanceFileUpload.Integration.Contracts.IntegrationConstants.SessionResumedConstants.Durable">
            <summary>
            Indicates whether the queue is durable for the "Session Resumed" event.
            </summary>
        </member>
        <member name="F:AdvanceFileUpload.Integration.Contracts.IntegrationConstants.SessionResumedConstants.AutoDelete">
            <summary>
            Indicates whether the queue is auto-deleted for the "Session Resumed" event.
            </summary>
        </member>
        <member name="F:AdvanceFileUpload.Integration.Contracts.IntegrationConstants.SessionResumedConstants.Exclusive">
            <summary>
            Indicates whether the queue is exclusive for the "Session Resumed" event.
            </summary>
        </member>
        <member name="T:AdvanceFileUpload.Integration.Contracts.SessionCancelledIntegrationEvent">
            <summary>
            Event triggered when a session is cancelled.
            </summary>
        </member>
        <member name="P:AdvanceFileUpload.Integration.Contracts.SessionCancelledIntegrationEvent.SessionId">
            <summary>
            Gets or sets the session identifier.
            </summary>
        </member>
        <member name="P:AdvanceFileUpload.Integration.Contracts.SessionCancelledIntegrationEvent.FileName">
            <summary>
            Gets or sets the file name.
            </summary>
        </member>
        <member name="P:AdvanceFileUpload.Integration.Contracts.SessionCancelledIntegrationEvent.FileExtension">
            <summary>
            Gets or sets the file extension.
            </summary>
        </member>
        <member name="P:AdvanceFileUpload.Integration.Contracts.SessionCancelledIntegrationEvent.FileSize">
            <summary>
            Gets or sets the file size.
            </summary>
        </member>
        <member name="P:AdvanceFileUpload.Integration.Contracts.SessionCancelledIntegrationEvent.SessionStartDateTime">
            <summary>
            Gets or sets the session start date and time.
            </summary>
        </member>
        <member name="P:AdvanceFileUpload.Integration.Contracts.SessionCancelledIntegrationEvent.SessionEndDateTime">
            <summary>
            Gets or sets the session end date and time.
            </summary>
        </member>
        <member name="M:AdvanceFileUpload.Integration.Contracts.SessionCancelledIntegrationEvent.ToString">
            <summary>
            Returns a string that represents the current object.
            </summary>
            <returns>A string that represents the current object.</returns>
        </member>
        <member name="T:AdvanceFileUpload.Integration.Contracts.SessionCompletedIntegrationEvent">
            <summary>
            Event triggered when a session is completed.
            </summary>
        </member>
        <member name="P:AdvanceFileUpload.Integration.Contracts.SessionCompletedIntegrationEvent.SessionId">
            <summary>
            Gets or sets the session identifier.
            </summary>
        </member>
        <member name="P:AdvanceFileUpload.Integration.Contracts.SessionCompletedIntegrationEvent.FileName">
            <summary>
            Gets or sets the file name.
            </summary>
        </member>
        <member name="P:AdvanceFileUpload.Integration.Contracts.SessionCompletedIntegrationEvent.FileExtension">
            <summary>
            Gets or sets the file extension.
            </summary>
        </member>
        <member name="P:AdvanceFileUpload.Integration.Contracts.SessionCompletedIntegrationEvent.FileSize">
            <summary>
            Gets or sets the file size.
            </summary>
        </member>
        <member name="P:AdvanceFileUpload.Integration.Contracts.SessionCompletedIntegrationEvent.FilePath">
            <summary>
            Gets or sets the file path.
            </summary>
        </member>
        <member name="P:AdvanceFileUpload.Integration.Contracts.SessionCompletedIntegrationEvent.SessionStartDateTime">
            <summary>
            Gets or sets the session start date and time.
            </summary>
        </member>
        <member name="P:AdvanceFileUpload.Integration.Contracts.SessionCompletedIntegrationEvent.SessionEndDateTime">
            <summary>
            Gets or sets the session end date and time.
            </summary>
        </member>
        <member name="M:AdvanceFileUpload.Integration.Contracts.SessionCompletedIntegrationEvent.ToString">
            <summary>
            Returns a string that represents the current object.
            </summary>
            <returns>A string that represents the current object.</returns>
        </member>
        <member name="T:AdvanceFileUpload.Integration.Contracts.SessionCreatedIntegrationEvent">
            <summary>
            Event triggered when a session is created.
            </summary>
        </member>
        <member name="P:AdvanceFileUpload.Integration.Contracts.SessionCreatedIntegrationEvent.SessionId">
            <summary>
            Gets or sets the session identifier.
            </summary>
        </member>
        <member name="P:AdvanceFileUpload.Integration.Contracts.SessionCreatedIntegrationEvent.FileName">
            <summary>
            Gets or sets the file name.
            </summary>
        </member>
        <member name="P:AdvanceFileUpload.Integration.Contracts.SessionCreatedIntegrationEvent.FileExtension">
            <summary>
            Gets or sets the file extension.
            </summary>
        </member>
        <member name="P:AdvanceFileUpload.Integration.Contracts.SessionCreatedIntegrationEvent.FileSize">
            <summary>
            Gets or sets the file size.
            </summary>
        </member>
        <member name="P:AdvanceFileUpload.Integration.Contracts.SessionCreatedIntegrationEvent.SessionStartDateTime">
            <summary>
            Gets or sets the session start date and time.
            </summary>
        </member>
        <member name="M:AdvanceFileUpload.Integration.Contracts.SessionCreatedIntegrationEvent.ToString">
            <summary>
            Returns a string that represents the current object.
            </summary>
            <returns>A string that represents the current object.</returns>
        </member>
        <member name="T:AdvanceFileUpload.Integration.Contracts.SessionPausedIntegrationEvent">
            <summary>
            Event triggered when a session is paused.
            </summary>
        </member>
        <member name="P:AdvanceFileUpload.Integration.Contracts.SessionPausedIntegrationEvent.SessionId">
            <summary>
            Gets or sets the session identifier.
            </summary>
        </member>
        <member name="P:AdvanceFileUpload.Integration.Contracts.SessionPausedIntegrationEvent.FileName">
            <summary>
            Gets or sets the file name.
            </summary>
        </member>
        <member name="P:AdvanceFileUpload.Integration.Contracts.SessionPausedIntegrationEvent.FileExtension">
            <summary>
            Gets or sets the file extension.
            </summary>
        </member>
        <member name="P:AdvanceFileUpload.Integration.Contracts.SessionPausedIntegrationEvent.FileSize">
            <summary>
            Gets or sets the file size.
            </summary>
        </member>
        <member name="P:AdvanceFileUpload.Integration.Contracts.SessionPausedIntegrationEvent.SessionStartDateTime">
            <summary>
            Gets or sets the session start date and time.
            </summary>
        </member>
        <member name="P:AdvanceFileUpload.Integration.Contracts.SessionPausedIntegrationEvent.SessionEndDateTime">
            <summary>
            Gets or sets the session end date and time.
            </summary>
        </member>
        <member name="M:AdvanceFileUpload.Integration.Contracts.SessionPausedIntegrationEvent.ToString">
            <summary>
            Returns a string that represents the current object.
            </summary>
            <returns>A string that represents the current object.</returns>
        </member>
        <member name="T:AdvanceFileUpload.Integration.Contracts.SessionResumedIntegrationEvent">
            <summary>
            Event triggered when a session is resumed.
            </summary>
        </member>
        <member name="P:AdvanceFileUpload.Integration.Contracts.SessionResumedIntegrationEvent.SessionId">
            <summary>
            Gets or sets the session identifier.
            </summary>
        </member>
        <member name="P:AdvanceFileUpload.Integration.Contracts.SessionResumedIntegrationEvent.FileName">
            <summary>
            Gets or sets the file name.
            </summary>
        </member>
        <member name="P:AdvanceFileUpload.Integration.Contracts.SessionResumedIntegrationEvent.FileExtension">
            <summary>
            Gets or sets the file extension.
            </summary>
        </member>
        <member name="P:AdvanceFileUpload.Integration.Contracts.SessionResumedIntegrationEvent.FileSize">
            <summary>
            Gets or sets the file size.
            </summary>
        </member>
        <member name="P:AdvanceFileUpload.Integration.Contracts.SessionResumedIntegrationEvent.SessionStartDateTime">
            <summary>
            Gets or sets the session start date and time.
            </summary>
        </member>
        <member name="P:AdvanceFileUpload.Integration.Contracts.SessionResumedIntegrationEvent.SessionEndDateTime">
            <summary>
            Gets or sets the session end date and time.
            </summary>
        </member>
    </members>
</doc>
