<?xml version="1.0"?>
<doc>
    <assembly>
        <name>AdvanceFileUpload.Integration.Contracts</name>
    </assembly>
    <members>
        <member name="T:AdvanceFileUpload.Integration.Contracts.ChunkUploadedIntegrationEvent">
            <summary>
            Event triggered when a chunk is uploaded.
            </summary>
        </member>
        <member name="P:AdvanceFileUpload.Integration.Contracts.ChunkUploadedIntegrationEvent.SessionId">
            <summary>
            Gets or sets the session identifier.
            </summary>
        </member>
        <member name="P:AdvanceFileUpload.Integration.Contracts.ChunkUploadedIntegrationEvent.ChunkIndex">
            <summary>
            Gets or sets the chunk index.
            </summary>
        </member>
        <member name="M:AdvanceFileUpload.Integration.Contracts.ChunkUploadedIntegrationEvent.ToString">
            <summary>
            Returns a string that represents the current object.
            </summary>
            <returns>A string that represents the current object.</returns>
        </member>
        <member name="T:AdvanceFileUpload.Integration.Contracts.IIntegrationEventConsumer">
            <summary>
            Defines a contract for consuming integration events.
            </summary>
        </member>
        <member name="M:AdvanceFileUpload.Integration.Contracts.IIntegrationEventConsumer.ConsumeAsync``1(AdvanceFileUpload.Integration.Contracts.ConsumingArgs,System.Func{``0,System.Threading.Tasks.Task},System.Threading.CancellationToken)">
            <summary>
            Consumes an integration event of the specified type.
            </summary>
            <typeparam name="T">The type of the event to consume.</typeparam>
            <param name="args">The arguments required for consuming the event.</param>
            <param name="onMessageReceived">A callback function to handle the received message.</param>
            <param name="cancellationToken"></param>
        </member>
        <member name="T:AdvanceFileUpload.Integration.Contracts.IIntegrationEventPublisher">
            <summary>
            Defines a contract for publishing integration events to a message broker or event bus.
            </summary>
        </member>
        <member name="M:AdvanceFileUpload.Integration.Contracts.IIntegrationEventPublisher.PublishAsync``1(AdvanceFileUpload.Integration.Contracts.PublishMessage{``0},System.Threading.CancellationToken)">
            <summary>
            Publishes an integration event message asynchronously.
            </summary>
            <typeparam name="T">The type of the message payload.</typeparam>
            <param name="message">The message to be published, including metadata such as queue, exchange, and routing details.</param>
            <param name="cancellationToken">A token to monitor for cancellation requests.</param>
            <returns>A task that represents the asynchronous publish operation.</returns>
        </member>
        <member name="T:AdvanceFileUpload.Integration.Contracts.IntegrationConstants">
            <summary>
            Contains constants used for integration purposes.
            </summary>
        </member>
        <member name="T:AdvanceFileUpload.Integration.Contracts.IntegrationConstants.SessionCreatedConstants">
            <summary>
            Constants related to the "Session Created" event.
            </summary>
        </member>
        <member name="F:AdvanceFileUpload.Integration.Contracts.IntegrationConstants.SessionCreatedConstants.Queue">
            <summary>
            The name of the queue for the "Session Created" event.
            </summary>
        </member>
        <member name="F:AdvanceFileUpload.Integration.Contracts.IntegrationConstants.SessionCreatedConstants.RoutingKey">
            <summary>
            The routing key for the "Session Created" event.
            </summary>
        </member>
        <member name="F:AdvanceFileUpload.Integration.Contracts.IntegrationConstants.SessionCreatedConstants.Exchange">
            <summary>
            The exchange name for the "Session Created" event.
            </summary>
        </member>
        <member name="F:AdvanceFileUpload.Integration.Contracts.IntegrationConstants.SessionCreatedConstants.ExchangeType">
            <summary>
            The type of exchange for the "Session Created" event.
            </summary>
        </member>
        <member name="F:AdvanceFileUpload.Integration.Contracts.IntegrationConstants.SessionCreatedConstants.Durable">
            <summary>
            Indicates whether the queue is durable for the "Session Created" event.
            </summary>
        </member>
        <member name="F:AdvanceFileUpload.Integration.Contracts.IntegrationConstants.SessionCreatedConstants.AutoDelete">
            <summary>
            Indicates whether the queue is auto-deleted for the "Session Created" event.
            </summary>
        </member>
        <member name="F:AdvanceFileUpload.Integration.Contracts.IntegrationConstants.SessionCreatedConstants.Exclusive">
            <summary>
            Indicates whether the queue is exclusive for the "Session Created" event.
            </summary>
        </member>
        <member name="T:AdvanceFileUpload.Integration.Contracts.IntegrationConstants.SessionCanceledConstants">
            <summary>
            Constants related to the "Session Canceled" event.
            </summary>
        </member>
        <member name="F:AdvanceFileUpload.Integration.Contracts.IntegrationConstants.SessionCanceledConstants.Queue">
            <summary>
            The name of the queue for the "Session Canceled" event.
            </summary>
        </member>
        <member name="F:AdvanceFileUpload.Integration.Contracts.IntegrationConstants.SessionCanceledConstants.RoutingKey">
            <summary>
            The routing key for the "Session Canceled" event.
            </summary>
        </member>
        <member name="F:AdvanceFileUpload.Integration.Contracts.IntegrationConstants.SessionCanceledConstants.Exchange">
            <summary>
            The exchange name for the "Session Canceled" event.
            </summary>
        </member>
        <member name="F:AdvanceFileUpload.Integration.Contracts.IntegrationConstants.SessionCanceledConstants.ExchangeType">
            <summary>
            The type of exchange for the "Session Canceled" event.
            </summary>
        </member>
        <member name="F:AdvanceFileUpload.Integration.Contracts.IntegrationConstants.SessionCanceledConstants.Durable">
            <summary>
            Indicates whether the queue is durable for the "Session Canceled" event.
            </summary>
        </member>
        <member name="F:AdvanceFileUpload.Integration.Contracts.IntegrationConstants.SessionCanceledConstants.AutoDelete">
            <summary>
            Indicates whether the queue is auto-deleted for the "Session Canceled" event.
            </summary>
        </member>
        <member name="F:AdvanceFileUpload.Integration.Contracts.IntegrationConstants.SessionCanceledConstants.Exclusive">
            <summary>
            Indicates whether the queue is exclusive for the "Session Canceled" event.
            </summary>
        </member>
        <member name="T:AdvanceFileUpload.Integration.Contracts.IntegrationConstants.SessionCompletedConstants">
            <summary>
            Constants related to the "Session Completed" event.
            </summary>
        </member>
        <member name="F:AdvanceFileUpload.Integration.Contracts.IntegrationConstants.SessionCompletedConstants.Queue">
            <summary>
            The name of the queue for the "Session Completed" event.
            </summary>
        </member>
        <member name="F:AdvanceFileUpload.Integration.Contracts.IntegrationConstants.SessionCompletedConstants.RoutingKey">
            <summary>
            The routing key for the "Session Completed" event.
            </summary>
        </member>
        <member name="F:AdvanceFileUpload.Integration.Contracts.IntegrationConstants.SessionCompletedConstants.Exchange">
            <summary>
            The exchange name for the "Session Completed" event.
            </summary>
        </member>
        <member name="F:AdvanceFileUpload.Integration.Contracts.IntegrationConstants.SessionCompletedConstants.ExchangeType">
            <summary>
            The type of exchange for the "Session Completed" event.
            </summary>
        </member>
        <member name="F:AdvanceFileUpload.Integration.Contracts.IntegrationConstants.SessionCompletedConstants.Durable">
            <summary>
            Indicates whether the queue is durable for the "Session Completed" event.
            </summary>
        </member>
        <member name="F:AdvanceFileUpload.Integration.Contracts.IntegrationConstants.SessionCompletedConstants.AutoDelete">
            <summary>
            Indicates whether the queue is auto-deleted for the "Session Completed" event.
            </summary>
        </member>
        <member name="F:AdvanceFileUpload.Integration.Contracts.IntegrationConstants.SessionCompletedConstants.Exclusive">
            <summary>
            Indicates whether the queue is exclusive for the "Session Completed" event.
            </summary>
        </member>
        <member name="T:AdvanceFileUpload.Integration.Contracts.IntegrationConstants.ChunkUploadedConstants">
            <summary>
            Constants related to the "Chunk Uploaded" event.
            </summary>
        </member>
        <member name="F:AdvanceFileUpload.Integration.Contracts.IntegrationConstants.ChunkUploadedConstants.Queue">
            <summary>
            The name of the queue for the "Chunk Uploaded" event.
            </summary>
        </member>
        <member name="F:AdvanceFileUpload.Integration.Contracts.IntegrationConstants.ChunkUploadedConstants.RoutingKey">
            <summary>
            The routing key for the "Chunk Uploaded" event.
            </summary>
        </member>
        <member name="F:AdvanceFileUpload.Integration.Contracts.IntegrationConstants.ChunkUploadedConstants.Exchange">
            <summary>
            The exchange name for the "Chunk Uploaded" event.
            </summary>
        </member>
        <member name="F:AdvanceFileUpload.Integration.Contracts.IntegrationConstants.ChunkUploadedConstants.ExchangeType">
            <summary>
            The type of exchange for the "Chunk Uploaded" event.
            </summary>
        </member>
        <member name="F:AdvanceFileUpload.Integration.Contracts.IntegrationConstants.ChunkUploadedConstants.Durable">
            <summary>
            Indicates whether the queue is durable for the "Chunk Uploaded" event.
            </summary>
        </member>
        <member name="F:AdvanceFileUpload.Integration.Contracts.IntegrationConstants.ChunkUploadedConstants.AutoDelete">
            <summary>
            Indicates whether the queue is auto-deleted for the "Chunk Uploaded" event.
            </summary>
        </member>
        <member name="F:AdvanceFileUpload.Integration.Contracts.IntegrationConstants.ChunkUploadedConstants.Exclusive">
            <summary>
            Indicates whether the queue is exclusive for the "Chunk Uploaded" event.
            </summary>
        </member>
        <member name="T:AdvanceFileUpload.Integration.Contracts.IntegrationConstants.SessionPausedConstants">
            <summary>
            Constants related to the "Session Paused" event.
            </summary>
        </member>
        <member name="F:AdvanceFileUpload.Integration.Contracts.IntegrationConstants.SessionPausedConstants.Queue">
            <summary>
            The name of the queue for the "Session Paused" event.
            </summary>
        </member>
        <member name="F:AdvanceFileUpload.Integration.Contracts.IntegrationConstants.SessionPausedConstants.RoutingKey">
            <summary>
            The routing key for the "Session Paused" event.
            </summary>
        </member>
        <member name="F:AdvanceFileUpload.Integration.Contracts.IntegrationConstants.SessionPausedConstants.Exchange">
            <summary>
            The exchange name for the "Session Paused" event.
            </summary>
        </member>
        <member name="F:AdvanceFileUpload.Integration.Contracts.IntegrationConstants.SessionPausedConstants.ExchangeType">
            <summary>
            The type of exchange for the "Session Paused" event.
            </summary>
        </member>
        <member name="F:AdvanceFileUpload.Integration.Contracts.IntegrationConstants.SessionPausedConstants.Durable">
            <summary>
            Indicates whether the queue is durable for the "Session Paused" event.
            </summary>
        </member>
        <member name="F:AdvanceFileUpload.Integration.Contracts.IntegrationConstants.SessionPausedConstants.AutoDelete">
            <summary>
            Indicates whether the queue is auto-deleted for the "Session Paused" event.
            </summary>
        </member>
        <member name="F:AdvanceFileUpload.Integration.Contracts.IntegrationConstants.SessionPausedConstants.Exclusive">
            <summary>
            Indicates whether the queue is exclusive for the "Session Paused" event.
            </summary>
        </member>
        <member name="T:AdvanceFileUpload.Integration.Contracts.IntegrationConstants.SessionResumedConstants">
            <summary>
            Constants related to the "Session Resumed" event.
            </summary>
        </member>
        <member name="F:AdvanceFileUpload.Integration.Contracts.IntegrationConstants.SessionResumedConstants.Queue">
            <summary>
            The name of the queue for the "Session Resumed" event.
            </summary>
        </member>
        <member name="F:AdvanceFileUpload.Integration.Contracts.IntegrationConstants.SessionResumedConstants.RoutingKey">
            <summary>
            The routing key for the "Session Resumed" event.
            </summary>
        </member>
        <member name="F:AdvanceFileUpload.Integration.Contracts.IntegrationConstants.SessionResumedConstants.Exchange">
            <summary>
            The exchange name for the "Session Resumed" event.
            </summary>
        </member>
        <member name="F:AdvanceFileUpload.Integration.Contracts.IntegrationConstants.SessionResumedConstants.ExchangeType">
            <summary>
            The type of exchange for the "Session Resumed" event.
            </summary>
        </member>
        <member name="F:AdvanceFileUpload.Integration.Contracts.IntegrationConstants.SessionResumedConstants.Durable">
            <summary>
            Indicates whether the queue is durable for the "Session Resumed" event.
            </summary>
        </member>
        <member name="F:AdvanceFileUpload.Integration.Contracts.IntegrationConstants.SessionResumedConstants.AutoDelete">
            <summary>
            Indicates whether the queue is auto-deleted for the "Session Resumed" event.
            </summary>
        </member>
        <member name="F:AdvanceFileUpload.Integration.Contracts.IntegrationConstants.SessionResumedConstants.Exclusive">
            <summary>
            Indicates whether the queue is exclusive for the "Session Resumed" event.
            </summary>
        </member>
        <member name="T:AdvanceFileUpload.Integration.Contracts.IntegrationConstants.SessionFieldConstants">
            <summary>
            Constants related to the "Session Field" event.
            </summary>
        </member>
        <member name="F:AdvanceFileUpload.Integration.Contracts.IntegrationConstants.SessionFieldConstants.Queue">
            <summary>
            The name of the queue for the "Session Field" event.
            </summary>
        </member>
        <member name="F:AdvanceFileUpload.Integration.Contracts.IntegrationConstants.SessionFieldConstants.RoutingKey">
            <summary>
            The routing key for the "Session Field" event.
            </summary>
        </member>
        <member name="F:AdvanceFileUpload.Integration.Contracts.IntegrationConstants.SessionFieldConstants.Exchange">
            <summary>
            The exchange name for the "Session Field" event.
            </summary>
        </member>
        <member name="F:AdvanceFileUpload.Integration.Contracts.IntegrationConstants.SessionFieldConstants.ExchangeType">
            <summary>
            The type of exchange for the "Session Field" event.
            </summary>
        </member>
        <member name="F:AdvanceFileUpload.Integration.Contracts.IntegrationConstants.SessionFieldConstants.Durable">
            <summary>
            Indicates whether the queue is durable for the "Session Field" event.
            </summary>
        </member>
        <member name="F:AdvanceFileUpload.Integration.Contracts.IntegrationConstants.SessionFieldConstants.AutoDelete">
            <summary>
            Indicates whether the queue is auto-deleted for the "Session Field" event.
            </summary>
        </member>
        <member name="F:AdvanceFileUpload.Integration.Contracts.IntegrationConstants.SessionFieldConstants.Exclusive">
            <summary>
            Indicates whether the queue is exclusive for the "Session Field" event.
            </summary>
        </member>
        <member name="T:AdvanceFileUpload.Integration.Contracts.PublishMessage`1">
            <summary>
            Represents a message to be published to a message broker.
            </summary>
            <typeparam name="T">The type of the message payload.</typeparam>
        </member>
        <member name="P:AdvanceFileUpload.Integration.Contracts.PublishMessage`1.Message">
            <summary>
            Gets or sets the message payload.
            </summary>
        </member>
        <member name="P:AdvanceFileUpload.Integration.Contracts.PublishMessage`1.Queue">
            <summary>
            Gets or sets the name of the queue to which the message will be published.
            </summary>
        </member>
        <member name="P:AdvanceFileUpload.Integration.Contracts.PublishMessage`1.Exchange">
            <summary>
            Gets or sets the name of the exchange to which the message will be published.
            </summary>
        </member>
        <member name="P:AdvanceFileUpload.Integration.Contracts.PublishMessage`1.ExchangeType">
            <summary>
            Gets or sets the type of the exchange (e.g., direct, fanout, topic, headers).
            </summary>
        </member>
        <member name="P:AdvanceFileUpload.Integration.Contracts.PublishMessage`1.RoutingKey">
            <summary>
            Gets or sets the routing key used to route the message.
            </summary>
        </member>
        <member name="P:AdvanceFileUpload.Integration.Contracts.PublishMessage`1.Durable">
            <summary>
            Gets or sets a value indicating whether the queue is durable.
            Durable queues survive broker restarts.
            </summary>
        </member>
        <member name="P:AdvanceFileUpload.Integration.Contracts.PublishMessage`1.Exclusive">
            <summary>
            Gets or sets a value indicating whether the queue is exclusive.
            Exclusive queues can only be accessed by the connection that declared them.
            </summary>
        </member>
        <member name="P:AdvanceFileUpload.Integration.Contracts.PublishMessage`1.AutoDelete">
            <summary>
            Gets or sets a value indicating whether the queue is automatically deleted
            when the last consumer unsubscribes.
            </summary>
        </member>
        <member name="T:AdvanceFileUpload.Integration.Contracts.RabbitMQConsumer">
            <summary>
            Represents a RabbitMQ consumer for handling integration events.
            </summary>
        </member>
        <member name="M:AdvanceFileUpload.Integration.Contracts.RabbitMQConsumer.#ctor(AdvanceFileUpload.Integration.Contracts.RabbitMQOptions)">
            <summary>
            Initializes a new instance of the <see cref="T:AdvanceFileUpload.Integration.Contracts.RabbitMQConsumer"/> class.
            </summary>
            <param name="rabbitMQOptions">The configuration options for RabbitMQ.</param>
            <exception cref="T:System.ArgumentNullException">Thrown when <paramref name="rabbitMQOptions"/> is null.</exception>
        </member>
        <member name="M:AdvanceFileUpload.Integration.Contracts.RabbitMQConsumer.EnsureConnection(System.Threading.CancellationToken)">
            <summary>
            Ensures that a connection and channel to RabbitMQ are established.
            </summary>
            <param name="cancellationToken">A token to monitor for cancellation requests.</param>
            <returns>A task that represents the asynchronous operation.</returns>
        </member>
        <member name="M:AdvanceFileUpload.Integration.Contracts.RabbitMQConsumer.ConsumeAsync``1(AdvanceFileUpload.Integration.Contracts.ConsumingArgs,System.Func{``0,System.Threading.Tasks.Task},System.Threading.CancellationToken)">
            <summary>
            Consumes messages from a RabbitMQ queue and processes them using the provided callback.
            </summary>
            <typeparam name="T">The type of the message to consume.</typeparam>
            <param name="args">The arguments required for consuming the message.</param>
            <param name="onMessageReceived">A callback function to handle the received message.</param>
            <param name="cancellationToken">A token to monitor for cancellation requests.</param>
            <returns>A task that represents the asynchronous operation.</returns>
        </member>
        <member name="M:AdvanceFileUpload.Integration.Contracts.RabbitMQConsumer.Dispose">
            <summary>
            Releases the unmanaged resources used by the <see cref="T:AdvanceFileUpload.Integration.Contracts.RabbitMQConsumer"/> and optionally releases the managed resources.
            </summary>
        </member>
        <member name="M:AdvanceFileUpload.Integration.Contracts.RabbitMQConsumer.DisposeAsync">
            <summary>
            Asynchronously releases the unmanaged resources used by the <see cref="T:AdvanceFileUpload.Integration.Contracts.RabbitMQConsumer"/> and optionally releases the managed resources.
            </summary>
            <returns>A task that represents the asynchronous operation.</returns>
        </member>
        <member name="T:AdvanceFileUpload.Integration.Contracts.ConsumingArgs">
            <summary>
            Represents the arguments required for consuming messages from a RabbitMQ queue.
            </summary>
        </member>
        <member name="P:AdvanceFileUpload.Integration.Contracts.ConsumingArgs.Exchange">
            <summary>
            Gets or sets the name of the exchange to consume messages from.
            </summary>
        </member>
        <member name="P:AdvanceFileUpload.Integration.Contracts.ConsumingArgs.Queue">
            <summary>
            Gets or sets the name of the queue to consume messages from.
            </summary>
        </member>
        <member name="P:AdvanceFileUpload.Integration.Contracts.ConsumingArgs.RoutingKey">
            <summary>
            Gets or sets the routing key used for binding the queue to the exchange.
            </summary>
        </member>
        <member name="P:AdvanceFileUpload.Integration.Contracts.ConsumingArgs.ExchangeType">
            <summary>
            Gets or sets the type of the exchange (e.g., direct, fanout, topic, headers).
            </summary>
        </member>
        <member name="P:AdvanceFileUpload.Integration.Contracts.ConsumingArgs.Durable">
            <summary>
            Gets or sets a value indicating whether the queue and exchange should be durable.
            Durable queues and exchanges survive broker restarts.
            </summary>
        </member>
        <member name="P:AdvanceFileUpload.Integration.Contracts.ConsumingArgs.AutoDelete">
            <summary>
            Gets or sets a value indicating whether the queue and exchange should be automatically deleted
            when no longer in use.
            </summary>
        </member>
        <member name="P:AdvanceFileUpload.Integration.Contracts.ConsumingArgs.Exclusive">
            <summary>
            Gets or sets a value indicating whether the queue should be exclusive to the connection
            that declares it.
            </summary>
        </member>
        <member name="T:AdvanceFileUpload.Integration.Contracts.RabbitMQEventPublisher">
            <summary>
            A publisher for RabbitMQ integration events, implementing the <see cref="T:AdvanceFileUpload.Integration.Contracts.IIntegrationEventPublisher"/> interface.
            </summary>
        </member>
        <member name="M:AdvanceFileUpload.Integration.Contracts.RabbitMQEventPublisher.#ctor(Microsoft.Extensions.Options.IOptions{AdvanceFileUpload.Integration.Contracts.RabbitMQOptions},Microsoft.Extensions.Logging.ILogger{AdvanceFileUpload.Integration.Contracts.RabbitMQEventPublisher})">
            <summary>
            Initializes a new instance of the <see cref="T:AdvanceFileUpload.Integration.Contracts.RabbitMQEventPublisher"/> class.
            </summary>
            <param name="rabbitMQOptions">The RabbitMQ configuration options.</param>
            <param name="logger">The logger instance for logging events and errors.</param>
            <exception cref="T:System.ArgumentNullException">Thrown when <paramref name="rabbitMQOptions"/> is null.</exception>
        </member>
        <member name="M:AdvanceFileUpload.Integration.Contracts.RabbitMQEventPublisher.EnsureConnection(System.Threading.CancellationToken)">
            <summary>
            Ensures that a connection and channel to RabbitMQ are established.
            </summary>
            <param name="cancellationToken">A token to monitor for cancellation requests.</param>
            <returns>A task that represents the asynchronous operation.</returns>
        </member>
        <member name="M:AdvanceFileUpload.Integration.Contracts.RabbitMQEventPublisher.PublishAsync``1(AdvanceFileUpload.Integration.Contracts.PublishMessage{``0},System.Threading.CancellationToken)">
            <inheritdoc/>
            <summary>
            Publishes an integration event message to RabbitMQ.
            </summary>
            <typeparam name="T">The type of the message payload.</typeparam>
            <param name="message">The message to be published, including metadata such as queue, exchange, and routing details.</param>
            <param name="cancellationToken">A token to monitor for cancellation requests.</param>
            <returns>A task that represents the asynchronous publish operation.</returns>
            <exception cref="T:RabbitMQ.Client.Exceptions.BrokerUnreachableException">Thrown when the RabbitMQ broker is unreachable.</exception>
            <exception cref="T:System.Exception">Thrown when an error occurs during message publishing.</exception>
        </member>
        <member name="M:AdvanceFileUpload.Integration.Contracts.RabbitMQEventPublisher.DisposeAsync">
            <summary>
            Asynchronously disposes the resources used by the <see cref="T:AdvanceFileUpload.Integration.Contracts.RabbitMQEventPublisher"/>.
            </summary>
            <returns>A ValueTask that represents the asynchronous dispose operation.</returns>
        </member>
        <member name="M:AdvanceFileUpload.Integration.Contracts.RabbitMQEventPublisher.Dispose">
            <summary>
            Disposes the resources used by the  <see cref="T:AdvanceFileUpload.Integration.Contracts.RabbitMQEventPublisher"/>.
            </summary>
        </member>
        <member name="T:AdvanceFileUpload.Integration.Contracts.RabbitMQOptions">
            <summary>
            Represents the configuration options for connecting to a RabbitMQ server.
            </summary>
        </member>
        <member name="F:AdvanceFileUpload.Integration.Contracts.RabbitMQOptions.SectionName">
            <summary>
            The name of the configuration section for RabbitMQ options.
            </summary>
        </member>
        <member name="P:AdvanceFileUpload.Integration.Contracts.RabbitMQOptions.HostName">
            <summary>
            Gets or sets the hostname of the RabbitMQ server.
            </summary>
        </member>
        <member name="P:AdvanceFileUpload.Integration.Contracts.RabbitMQOptions.Port">
            <summary>
            Gets or sets the port number used to connect to the RabbitMQ server.
            </summary>
        </member>
        <member name="P:AdvanceFileUpload.Integration.Contracts.RabbitMQOptions.UserName">
            <summary>
            Gets or sets the username for authenticating with the RabbitMQ server.
            </summary>
        </member>
        <member name="P:AdvanceFileUpload.Integration.Contracts.RabbitMQOptions.Password">
            <summary>
            Gets or sets the password for authenticating with the RabbitMQ server.
            </summary>
        </member>
        <member name="P:AdvanceFileUpload.Integration.Contracts.RabbitMQOptions.VirtualHost">
            <summary>
            Gets or sets the virtual host to use when connecting to the RabbitMQ server.
            </summary>
        </member>
        <member name="P:AdvanceFileUpload.Integration.Contracts.RabbitMQOptions.UseSSL">
            <summary>
            Gets or sets a value indicating whether SSL should be used for the connection.
            </summary>
        </member>
        <member name="T:AdvanceFileUpload.Integration.Contracts.SessionCancelledIntegrationEvent">
            <summary>
            Event triggered when a session is cancelled.
            </summary>
        </member>
        <member name="P:AdvanceFileUpload.Integration.Contracts.SessionCancelledIntegrationEvent.SessionId">
            <summary>
            Gets or sets the session identifier.
            </summary>
        </member>
        <member name="P:AdvanceFileUpload.Integration.Contracts.SessionCancelledIntegrationEvent.FileName">
            <summary>
            Gets or sets the file name.
            </summary>
        </member>
        <member name="P:AdvanceFileUpload.Integration.Contracts.SessionCancelledIntegrationEvent.FileExtension">
            <summary>
            Gets or sets the file extension.
            </summary>
        </member>
        <member name="P:AdvanceFileUpload.Integration.Contracts.SessionCancelledIntegrationEvent.FileSize">
            <summary>
            Gets or sets the file size.
            </summary>
        </member>
        <member name="P:AdvanceFileUpload.Integration.Contracts.SessionCancelledIntegrationEvent.SessionStartDateTime">
            <summary>
            Gets or sets the session start date and time.
            </summary>
        </member>
        <member name="P:AdvanceFileUpload.Integration.Contracts.SessionCancelledIntegrationEvent.SessionEndDateTime">
            <summary>
            Gets or sets the session end date and time.
            </summary>
        </member>
        <member name="M:AdvanceFileUpload.Integration.Contracts.SessionCancelledIntegrationEvent.ToString">
            <summary>
            Returns a string that represents the current object.
            </summary>
            <returns>A string that represents the current object.</returns>
        </member>
        <member name="T:AdvanceFileUpload.Integration.Contracts.SessionCompletedIntegrationEvent">
            <summary>
            Event triggered when a session is completed.
            </summary>
        </member>
        <member name="P:AdvanceFileUpload.Integration.Contracts.SessionCompletedIntegrationEvent.SessionId">
            <summary>
            Gets or sets the session identifier.
            </summary>
        </member>
        <member name="P:AdvanceFileUpload.Integration.Contracts.SessionCompletedIntegrationEvent.FileName">
            <summary>
            Gets or sets the file name.
            </summary>
        </member>
        <member name="P:AdvanceFileUpload.Integration.Contracts.SessionCompletedIntegrationEvent.FileExtension">
            <summary>
            Gets or sets the file extension.
            </summary>
        </member>
        <member name="P:AdvanceFileUpload.Integration.Contracts.SessionCompletedIntegrationEvent.FileSize">
            <summary>
            Gets or sets the file size.
            </summary>
        </member>
        <member name="P:AdvanceFileUpload.Integration.Contracts.SessionCompletedIntegrationEvent.FilePath">
            <summary>
            Gets or sets the file path.
            </summary>
        </member>
        <member name="P:AdvanceFileUpload.Integration.Contracts.SessionCompletedIntegrationEvent.SessionStartDateTime">
            <summary>
            Gets or sets the session start date and time.
            </summary>
        </member>
        <member name="P:AdvanceFileUpload.Integration.Contracts.SessionCompletedIntegrationEvent.SessionEndDateTime">
            <summary>
            Gets or sets the session end date and time.
            </summary>
        </member>
        <member name="M:AdvanceFileUpload.Integration.Contracts.SessionCompletedIntegrationEvent.ToString">
            <summary>
            Returns a string that represents the current object.
            </summary>
            <returns>A string that represents the current object.</returns>
        </member>
        <member name="T:AdvanceFileUpload.Integration.Contracts.SessionCreatedIntegrationEvent">
            <summary>
            Event triggered when a session is created.
            </summary>
        </member>
        <member name="P:AdvanceFileUpload.Integration.Contracts.SessionCreatedIntegrationEvent.SessionId">
            <summary>
            Gets or sets the session identifier.
            </summary>
        </member>
        <member name="P:AdvanceFileUpload.Integration.Contracts.SessionCreatedIntegrationEvent.FileName">
            <summary>
            Gets or sets the file name.
            </summary>
        </member>
        <member name="P:AdvanceFileUpload.Integration.Contracts.SessionCreatedIntegrationEvent.FileExtension">
            <summary>
            Gets or sets the file extension.
            </summary>
        </member>
        <member name="P:AdvanceFileUpload.Integration.Contracts.SessionCreatedIntegrationEvent.FileSize">
            <summary>
            Gets or sets the file size.
            </summary>
        </member>
        <member name="P:AdvanceFileUpload.Integration.Contracts.SessionCreatedIntegrationEvent.SessionStartDateTime">
            <summary>
            Gets or sets the session start date and time.
            </summary>
        </member>
        <member name="M:AdvanceFileUpload.Integration.Contracts.SessionCreatedIntegrationEvent.ToString">
            <summary>
            Returns a string that represents the current object.
            </summary>
            <returns>A string that represents the current object.</returns>
        </member>
        <member name="T:AdvanceFileUpload.Integration.Contracts.SessionFieldIntegrationEvent">
            <summary>
            Event triggered when a session is Field.
            </summary>
        </member>
        <member name="P:AdvanceFileUpload.Integration.Contracts.SessionFieldIntegrationEvent.SessionId">
            <summary>
            Gets or sets the session identifier.
            </summary>
        </member>
        <member name="P:AdvanceFileUpload.Integration.Contracts.SessionFieldIntegrationEvent.FileName">
            <summary>
            Gets or sets the file name.
            </summary>
        </member>
        <member name="P:AdvanceFileUpload.Integration.Contracts.SessionFieldIntegrationEvent.FileSize">
            <summary>
            Gets or sets the file size.
            </summary>
        </member>
        <member name="P:AdvanceFileUpload.Integration.Contracts.SessionFieldIntegrationEvent.FileExtension">
            <summary>
            Gets or sets the file extension.
            </summary>
        </member>
        <member name="T:AdvanceFileUpload.Integration.Contracts.SessionPausedIntegrationEvent">
            <summary>
            Event triggered when a session is paused.
            </summary>
        </member>
        <member name="P:AdvanceFileUpload.Integration.Contracts.SessionPausedIntegrationEvent.SessionId">
            <summary>
            Gets or sets the session identifier.
            </summary>
        </member>
        <member name="P:AdvanceFileUpload.Integration.Contracts.SessionPausedIntegrationEvent.FileName">
            <summary>
            Gets or sets the file name.
            </summary>
        </member>
        <member name="P:AdvanceFileUpload.Integration.Contracts.SessionPausedIntegrationEvent.FileExtension">
            <summary>
            Gets or sets the file extension.
            </summary>
        </member>
        <member name="P:AdvanceFileUpload.Integration.Contracts.SessionPausedIntegrationEvent.FileSize">
            <summary>
            Gets or sets the file size.
            </summary>
        </member>
        <member name="P:AdvanceFileUpload.Integration.Contracts.SessionPausedIntegrationEvent.SessionStartDateTime">
            <summary>
            Gets or sets the session start date and time.
            </summary>
        </member>
        <member name="P:AdvanceFileUpload.Integration.Contracts.SessionPausedIntegrationEvent.SessionEndDateTime">
            <summary>
            Gets or sets the session end date and time.
            </summary>
        </member>
        <member name="M:AdvanceFileUpload.Integration.Contracts.SessionPausedIntegrationEvent.ToString">
            <summary>
            Returns a string that represents the current object.
            </summary>
            <returns>A string that represents the current object.</returns>
        </member>
        <member name="T:AdvanceFileUpload.Integration.Contracts.SessionResumedIntegrationEvent">
            <summary>
            Event triggered when a session is resumed.
            </summary>
        </member>
        <member name="P:AdvanceFileUpload.Integration.Contracts.SessionResumedIntegrationEvent.SessionId">
            <summary>
            Gets or sets the session identifier.
            </summary>
        </member>
        <member name="P:AdvanceFileUpload.Integration.Contracts.SessionResumedIntegrationEvent.FileName">
            <summary>
            Gets or sets the file name.
            </summary>
        </member>
        <member name="P:AdvanceFileUpload.Integration.Contracts.SessionResumedIntegrationEvent.FileExtension">
            <summary>
            Gets or sets the file extension.
            </summary>
        </member>
        <member name="P:AdvanceFileUpload.Integration.Contracts.SessionResumedIntegrationEvent.FileSize">
            <summary>
            Gets or sets the file size.
            </summary>
        </member>
        <member name="P:AdvanceFileUpload.Integration.Contracts.SessionResumedIntegrationEvent.SessionStartDateTime">
            <summary>
            Gets or sets the session start date and time.
            </summary>
        </member>
        <member name="P:AdvanceFileUpload.Integration.Contracts.SessionResumedIntegrationEvent.SessionEndDateTime">
            <summary>
            Gets or sets the session end date and time.
            </summary>
        </member>
    </members>
</doc>
