<?xml version="1.0"?>
<doc>
    <assembly>
        <name>AdvanceFileUpload.Application.Shared</name>
    </assembly>
    <members>
        <member name="T:AdvanceFileUpload.Application.Compression.CompressionAlgorithmOption">
            <summary>
            Specifies the compression algorithms available.
            </summary>
        </member>
        <member name="F:AdvanceFileUpload.Application.Compression.CompressionAlgorithmOption.GZip">
            <summary>
            GZip compression algorithm.
            Benefits: Good compression ratio and speed, widely supported.
            </summary>
        </member>
        <member name="F:AdvanceFileUpload.Application.Compression.CompressionAlgorithmOption.Deflate">
            <summary>
            Deflate compression algorithm.
            Benefits: Fast compression and decompression, good for real-time applications.
            </summary>
        </member>
        <member name="F:AdvanceFileUpload.Application.Compression.CompressionAlgorithmOption.Brotli">
            <summary>
            Brotli compression algorithm.
            Benefits: High compression ratio, especially for web content, better than GZip in many cases.
            </summary>
        </member>
        <member name="T:AdvanceFileUpload.Application.Compression.CompressionLevelOption">
            <summary>
              Specifies values that indicate whether a compression operation emphasizes speed
                or compression size.
            </summary>
        </member>
        <member name="F:AdvanceFileUpload.Application.Compression.CompressionLevelOption.Optimal">
            <summary>
             The compression operation should optimally balance compression speed and output size.
            </summary>
        </member>
        <member name="F:AdvanceFileUpload.Application.Compression.CompressionLevelOption.Fastest">
            <summary>
              The compression operation should complete as quickly as possible, even if the
              resulting file is not optimally compressed.
            </summary>
        </member>
        <member name="F:AdvanceFileUpload.Application.Compression.CompressionLevelOption.NoCompression">
            <summary>
             No compression should be performed on the file.
            </summary>
        </member>
        <member name="F:AdvanceFileUpload.Application.Compression.CompressionLevelOption.SmallestSize">
            <summary>
            The compression operation should create output as small as possible, even if
            the operation takes a longer time to complete.   
            </summary>
        </member>
        <member name="T:AdvanceFileUpload.Application.Compression.FileCompressor">
            <summary>
            Provides methods for compressing and decompressing files using various algorithms.
            </summary>
        </member>
        <member name="P:AdvanceFileUpload.Application.Compression.FileCompressor.ExcludedExtension">
            <inheritdoc/>
        </member>
        <member name="M:AdvanceFileUpload.Application.Compression.FileCompressor.#ctor(Microsoft.Extensions.Logging.ILogger{AdvanceFileUpload.Application.Compression.FileCompressor})">
            <summary>
             Initializes a new instance of the <see cref="T:AdvanceFileUpload.Application.Compression.FileCompressor"/> class.
             </summary>
             <param name="logger">The logger instance to use for logging.</param>
             <exception cref="T:System.ArgumentNullException">Thrown when the logger is null.</exception>
        </member>
        <member name="M:AdvanceFileUpload.Application.Compression.FileCompressor.CompressFileAsync(System.String,System.String,AdvanceFileUpload.Application.Compression.CompressionAlgorithmOption,AdvanceFileUpload.Application.Compression.CompressionLevelOption,System.Threading.CancellationToken)">
            <inheritdoc/>
        </member>
        <member name="M:AdvanceFileUpload.Application.Compression.FileCompressor.DecompressFileAsync(System.String,System.String,AdvanceFileUpload.Application.Compression.CompressionAlgorithmOption,System.Threading.CancellationToken)">
            <inheritdoc/>
        </member>
        <member name="M:AdvanceFileUpload.Application.Compression.FileCompressor.CompressFilesAsync(System.String[],System.String,AdvanceFileUpload.Application.Compression.CompressionAlgorithmOption,AdvanceFileUpload.Application.Compression.CompressionLevelOption,System.Threading.CancellationToken)">
            <inheritdoc/>
        </member>
        <member name="M:AdvanceFileUpload.Application.Compression.FileCompressor.DecompressFilesAsync(System.String[],System.String,AdvanceFileUpload.Application.Compression.CompressionAlgorithmOption,System.Threading.CancellationToken)">
            <inheritdoc/>
        </member>
        <member name="M:AdvanceFileUpload.Application.Compression.FileCompressor.IsFileApplicableForCompression(System.String)">
            <inheritdoc/>
        </member>
        <member name="M:AdvanceFileUpload.Application.Compression.FileCompressor.AddExcludedExtension(System.String)">
            <inheritdoc/>
        </member>
        <member name="T:AdvanceFileUpload.Application.Compression.IFileCompressor">
            <summary>
            Interface for file compression and decompression operations.
            </summary>
        </member>
        <member name="M:AdvanceFileUpload.Application.Compression.IFileCompressor.CompressFileAsync(System.String,System.String,AdvanceFileUpload.Application.Compression.CompressionAlgorithmOption,AdvanceFileUpload.Application.Compression.CompressionLevelOption,System.Threading.CancellationToken)">
            <summary>
            Compresses a single file asynchronously.
            </summary>
            <param name="inputFilePath">The path of the file to compress.</param>
            <param name="outputDirectory">The directory where the compressed file will be saved.</param>
            <param name="compressionAlgorithmOption">The compression algorithm to use.</param>
            <param name="compressionLevelOption">The level of compression to apply.</param>
            <param name="cancellationToken">A token to monitor for cancellation requests.</param>
            <returns>A task that represents the asynchronous operation.</returns>
        </member>
        <member name="M:AdvanceFileUpload.Application.Compression.IFileCompressor.CompressFilesAsync(System.String[],System.String,AdvanceFileUpload.Application.Compression.CompressionAlgorithmOption,AdvanceFileUpload.Application.Compression.CompressionLevelOption,System.Threading.CancellationToken)">
            <summary>
            Compresses multiple files asynchronously.
            </summary>
            <param name="inputFilePaths">An array of file paths to compress.</param>
            <param name="outputDirectory">The directory where the compressed files will be saved.</param>
            <param name="compressionAlgorithmOption">The compression algorithm to use.</param>
            <param name="compressionLevelOption">The level of compression to apply.</param>
            <param name="cancellationToken">A token to monitor for cancellation requests.</param>
            <returns>A task that represents the asynchronous operation.</returns>
        </member>
        <member name="M:AdvanceFileUpload.Application.Compression.IFileCompressor.DecompressFileAsync(System.String,System.String,AdvanceFileUpload.Application.Compression.CompressionAlgorithmOption,System.Threading.CancellationToken)">
            <summary>
            Decompresses a single file asynchronously.
            </summary>
            <param name="inputFilePath">The path of the file to decompress.</param>
            <param name="outputDirectory">The directory where the decompressed file will be saved.</param>
            <param name="compressionAlgorithmOption">The compression algorithm to use.</param>
            <param name="cancellationToken">A token to monitor for cancellation requests.</param>
            <returns>A task that represents the asynchronous operation.</returns>
        </member>
        <member name="M:AdvanceFileUpload.Application.Compression.IFileCompressor.DecompressFilesAsync(System.String[],System.String,AdvanceFileUpload.Application.Compression.CompressionAlgorithmOption,System.Threading.CancellationToken)">
            <summary>
            Decompresses multiple files asynchronously.
            </summary>
            <param name="inputFilePaths">An array of file paths to decompress.</param>
            <param name="outputDirectory">The directory where the decompressed files will be saved.</param>
            <param name="compressionAlgorithmOption">The compression algorithm to use.</param>
            <param name="cancellationToken">A token to monitor for cancellation requests.</param>
            <returns>A task that represents the asynchronous operation.</returns>
        </member>
        <member name="M:AdvanceFileUpload.Application.Compression.IFileCompressor.IsFileApplicableForCompression(System.String)">
            <summary>
            Determines whether a file is applicable for compression.
            </summary>
            <param name="filePath"></param>
            <returns></returns>
        </member>
        <member name="M:AdvanceFileUpload.Application.Compression.IFileCompressor.AddExcludedExtension(System.String)">
            <summary>
            Adds an excluded file extension to the list of extensions that should not be compressed.
            </summary>
            <param name="extension"></param>
        </member>
        <member name="P:AdvanceFileUpload.Application.Compression.IFileCompressor.ExcludedExtension">
            <summary>
            Get a list of file extensions that will be ignored during compression.
            </summary>
        </member>
        <member name="T:AdvanceFileUpload.Application.FileProcessing.FileProcessor">
            <summary>
            Provides methods for file operations such as concatenating file chunks, saving files, and splitting files into chunks.
            </summary>
        </member>
        <member name="M:AdvanceFileUpload.Application.FileProcessing.FileProcessor.#ctor(Microsoft.Extensions.Logging.ILogger{AdvanceFileUpload.Application.FileProcessing.FileProcessor})">
            <summary>
            
            </summary>
            <param name="logger"></param>
        </member>
        <member name="M:AdvanceFileUpload.Application.FileProcessing.FileProcessor.SaveFileAsync(System.String,System.Byte[],System.String,System.Threading.CancellationToken)">
            <inheritdoc/>
        </member>
        <member name="M:AdvanceFileUpload.Application.FileProcessing.FileProcessor.SplitFileIntoChunksAsync(System.String,System.Int64,System.String,System.Threading.CancellationToken)">
            <inheritdoc/>
        </member>
        <member name="M:AdvanceFileUpload.Application.FileProcessing.FileProcessor.MergeChunksAsync(System.Collections.Generic.List{System.String},System.String,System.Threading.CancellationToken)">
            <inheritdoc/>
        </member>
        <member name="T:AdvanceFileUpload.Application.FileProcessing.IFileProcessor">
            <summary>
            Provides methods for file operations such as concatenating file chunks, saving files, and splitting files into chunks.
            </summary>
        </member>
        <member name="M:AdvanceFileUpload.Application.FileProcessing.IFileProcessor.MergeChunksAsync(System.Collections.Generic.List{System.String},System.String,System.Threading.CancellationToken)">
            <summary>
            Merge multiple file chunks into a single file.
            </summary>
            <param name="chunkPaths">The list of paths to the file chunks.</param>
            <param name="outputFilePath">The path where the Merged file will be saved.</param>
            <param name="cancellationToken">The cancellation token to cancel the operation.</param>
            <returns>A task that represents the asynchronous operation.</returns>
        </member>
        <member name="M:AdvanceFileUpload.Application.FileProcessing.IFileProcessor.SaveFileAsync(System.String,System.Byte[],System.String,System.Threading.CancellationToken)">
            <summary>
            Saves a file to the specified directory.
            </summary>
            <param name="fileName">The name of the file to save.</param>
            <param name="fileData">The byte array containing the file data.</param>
            <param name="outputDirectory">The directory where the file will be saved.</param>
            <param name="cancellationToken">The cancellation token to cancel the operation.</param>
            <returns>A task that represents the asynchronous operation.</returns>
        </member>
        <member name="M:AdvanceFileUpload.Application.FileProcessing.IFileProcessor.SplitFileIntoChunksAsync(System.String,System.Int64,System.String,System.Threading.CancellationToken)">
            <summary>
            Splits a file into multiple chunks.
            </summary>
            <param name="filePath">The path to the file to be split.</param>
            <param name="chunkSize">The size of each chunk in bytes.</param>
            <param name="outputDirectory">The directory where the chunks will be saved.</param>
            <param name="cancellationToken">The cancellation token to cancel the operation.</param>
            <returns>A task that represents the asynchronous operation. The task result contains a list of paths to the created chunks.</returns>
        </member>
        <member name="T:AdvanceFileUpload.Application.Request.CancelUploadSessionRequest">
            <summary>
            Represents a request to cancel an upload session.
            </summary>
        </member>
        <member name="P:AdvanceFileUpload.Application.Request.CancelUploadSessionRequest.SessionId">
            <summary>
            Gets the unique identifier of the upload session.
            </summary>
        </member>
        <member name="T:AdvanceFileUpload.Application.Request.CompleteUploadSessionRequest">
            <summary>
            Represents a request to complete a file upload session.
            </summary>
        </member>
        <member name="P:AdvanceFileUpload.Application.Request.CompleteUploadSessionRequest.SessionId">
            <summary>
            Gets the unique identifier of the upload session.
            </summary>
        </member>
        <member name="T:AdvanceFileUpload.Application.Request.CompressionOption">
            <summary>
            Represents the compression options for a file upload session.
            </summary>
        </member>
        <member name="P:AdvanceFileUpload.Application.Request.CompressionOption.Algorithm">
            <summary>
            Gets the compression algorithm to use.
            </summary>
        </member>
        <member name="P:AdvanceFileUpload.Application.Request.CompressionOption.Level">
            <summary>
            Gets the compression level to use.
            </summary>
        </member>
        <member name="T:AdvanceFileUpload.Application.Request.CreateUploadSessionRequest">
            <summary>
            Represents a request to create a new file upload session.
            </summary>
        </member>
        <member name="P:AdvanceFileUpload.Application.Request.CreateUploadSessionRequest.FileName">
            <summary>
            Gets the name of the file to be uploaded.
            </summary>
        </member>
        <member name="P:AdvanceFileUpload.Application.Request.CreateUploadSessionRequest.FileSize">
            <summary>
            Gets the size of the file to be uploaded.
            </summary>
        </member>
        <member name="P:AdvanceFileUpload.Application.Request.CreateUploadSessionRequest.CompressedFileSize">
            <summary>
            
            </summary>
        </member>
        <member name="P:AdvanceFileUpload.Application.Request.CreateUploadSessionRequest.FileExtension">
            <summary>
            Gets the file extension of the file to be uploaded.
            </summary>
        </member>
        <member name="P:AdvanceFileUpload.Application.Request.CreateUploadSessionRequest.Compression">
            <summary>
            Gets the Compression Option of the file upload session.
            </summary>
        </member>
        <member name="P:AdvanceFileUpload.Application.Request.CreateUploadSessionRequest.UseCompression">
            <summary>
            Gets a value indicating whether compression is used.
            </summary>
        </member>
        <member name="P:AdvanceFileUpload.Application.Request.CreateUploadSessionRequest.HubConnectionId">
            <summary>
            Gets the unique identifier of the hub connection.
            </summary>
        </member>
        <member name="T:AdvanceFileUpload.Application.Request.GetUploadSessionStatusRequest">
            <summary>
            Represents a request to get the status of an upload session.
            </summary>
        </member>
        <member name="P:AdvanceFileUpload.Application.Request.GetUploadSessionStatusRequest.SessionId">
            <summary>
            Gets the unique identifier of the upload session.
            </summary>
        </member>
        <member name="T:AdvanceFileUpload.Application.Request.PauseUploadSessionRequest">
            <summary>
            Represents a request to pause an upload session.
            </summary>
        </member>
        <member name="P:AdvanceFileUpload.Application.Request.PauseUploadSessionRequest.SessionId">
            <summary>
            Gets the unique identifier of the upload session.
            </summary>
        </member>
        <member name="T:AdvanceFileUpload.Application.Request.UploadChunkRequest">
            <summary>
            Represents a request to upload a chunk of a file.
            </summary>
        </member>
        <member name="P:AdvanceFileUpload.Application.Request.UploadChunkRequest.SessionId">
            <summary>
            Gets the unique identifier of the upload session.
            </summary>
        </member>
        <member name="P:AdvanceFileUpload.Application.Request.UploadChunkRequest.ChunkIndex">
            <summary>
            Gets the index of the chunk being uploaded,(Zero based index).
            </summary>
        </member>
        <member name="P:AdvanceFileUpload.Application.Request.UploadChunkRequest.ChunkData">
            <summary>
            Gets the data of the chunk being uploaded.
            </summary>
        </member>
        <member name="P:AdvanceFileUpload.Application.Request.UploadChunkRequest.HubConnectionId">
            <summary>
            Gets the unique identifier of the hub connection.
            </summary>
        </member>
        <member name="T:AdvanceFileUpload.Application.Response.CreateUploadSessionResponse">
            <summary>
            Represents the response after creating a new file upload session.
            </summary>
        </member>
        <member name="P:AdvanceFileUpload.Application.Response.CreateUploadSessionResponse.SessionId">
            <summary>
            Gets the unique identifier of the upload session.
            </summary>
        </member>
        <member name="P:AdvanceFileUpload.Application.Response.CreateUploadSessionResponse.FileSize">
            <summary>
            Gets the size of the file to be uploaded.
            </summary>
        </member>
        <member name="P:AdvanceFileUpload.Application.Response.CreateUploadSessionResponse.MaxChunkSize">
            <summary>
            Gets the maximum size of each chunk.
            </summary>
        </member>
        <member name="P:AdvanceFileUpload.Application.Response.CreateUploadSessionResponse.TotalChunksToUpload">
            <summary>
            Gets the total number of chunks to be uploaded.
            </summary>
        </member>
        <member name="P:AdvanceFileUpload.Application.Response.CreateUploadSessionResponse.UploadStatus">
            <summary>
            Gets the current status of the upload session.
            </summary>
        </member>
        <member name="P:AdvanceFileUpload.Application.Response.CreateUploadSessionResponse.SessionStartDate">
            <summary>
            Gets the start date and time of the upload session.
            </summary>
        </member>
        <member name="T:AdvanceFileUpload.Application.Response.UploadSessionStatusNotification">
            <summary>
             Represent the status of the upload session Notification.
            </summary>
        </member>
        <member name="P:AdvanceFileUpload.Application.Response.UploadSessionStatusNotification.SessionId">
            <summary>
            Gets the unique identifier of the upload session.
            </summary>
        </member>
        <member name="P:AdvanceFileUpload.Application.Response.UploadSessionStatusNotification.FileSize">
            <summary>
            Gets the size of the file to be uploaded.
            </summary>
        </member>
        <member name="P:AdvanceFileUpload.Application.Response.UploadSessionStatusNotification.MaxChunkSize">
            <summary>
            Gets the maximum size of each chunk.
            </summary>
        </member>
        <member name="P:AdvanceFileUpload.Application.Response.UploadSessionStatusNotification.TotalChunksToUpload">
            <summary>
            Gets the total number of chunks to be uploaded.
            </summary>
        </member>
        <member name="P:AdvanceFileUpload.Application.Response.UploadSessionStatusNotification.UploadStatus">
            <summary>
            Gets the current status of the upload session.
            </summary>
        </member>
        <member name="P:AdvanceFileUpload.Application.Response.UploadSessionStatusNotification.SessionStartDate">
            <summary>
            Gets the start date and time of the upload session.
            </summary>
        </member>
        <member name="P:AdvanceFileUpload.Application.Response.UploadSessionStatusNotification.TotalUploadedChunks">
            <summary>
            Gets the total number of chunks that have been uploaded.
            </summary>
        </member>
        <member name="P:AdvanceFileUpload.Application.Response.UploadSessionStatusNotification.ProgressPercentage">
            <summary>
            Gets the progress percentage of the file upload.
            </summary>
        </member>
        <member name="P:AdvanceFileUpload.Application.Response.UploadSessionStatusNotification.SessionEndDate">
            <summary>
            Gets the end date and time of the upload session, if it has ended.
            </summary>
        </member>
        <member name="P:AdvanceFileUpload.Application.Response.UploadSessionStatusNotification.RemainChunks">
            <summary>
            Gets the list of remaining chunks to be uploaded.
            </summary>
        </member>
        <member name="T:AdvanceFileUpload.Application.Response.UploadSessionStatusResponse">
            <summary>
            Represents the status response of an upload session.
            </summary>
        </member>
        <member name="P:AdvanceFileUpload.Application.Response.UploadSessionStatusResponse.SessionId">
            <summary>
            Gets the unique identifier of the upload session.
            </summary>
        </member>
        <member name="P:AdvanceFileUpload.Application.Response.UploadSessionStatusResponse.FileSize">
            <summary>
            Gets the size of the file to be uploaded.
            </summary>
        </member>
        <member name="P:AdvanceFileUpload.Application.Response.UploadSessionStatusResponse.MaxChunkSize">
            <summary>
            Gets the maximum size of each chunk.
            </summary>
        </member>
        <member name="P:AdvanceFileUpload.Application.Response.UploadSessionStatusResponse.TotalChunksToUpload">
            <summary>
            Gets the total number of chunks to be uploaded.
            </summary>
        </member>
        <member name="P:AdvanceFileUpload.Application.Response.UploadSessionStatusResponse.UploadStatus">
            <summary>
            Gets the current status of the upload session.
            </summary>
        </member>
        <member name="P:AdvanceFileUpload.Application.Response.UploadSessionStatusResponse.SessionStartDate">
            <summary>
            Gets the start date and time of the upload session.
            </summary>
        </member>
        <member name="P:AdvanceFileUpload.Application.Response.UploadSessionStatusResponse.TotalUploadedChunks">
            <summary>
            Gets the total number of chunks that have been uploaded.
            </summary>
        </member>
        <member name="P:AdvanceFileUpload.Application.Response.UploadSessionStatusResponse.ProgressPercentage">
            <summary>
            Gets the progress percentage of the file upload.
            </summary>
        </member>
        <member name="P:AdvanceFileUpload.Application.Response.UploadSessionStatusResponse.SessionEndDate">
            <summary>
            Gets the end date and time of the upload session, if it has ended.
            </summary>
        </member>
        <member name="P:AdvanceFileUpload.Application.Response.UploadSessionStatusResponse.RemainChunks">
            <summary>
            Gets the list of remaining chunks to be uploaded.
            </summary>
        </member>
        <member name="T:AdvanceFileUpload.Application.Response.UploadStatus">
            <summary>
            Represents the status of an upload session.
            </summary>
        </member>
        <member name="F:AdvanceFileUpload.Application.Response.UploadStatus.InProgress">
            <summary>
            The file upload session is in progress.
            </summary>
        </member>
        <member name="F:AdvanceFileUpload.Application.Response.UploadStatus.Paused">
            <summary>
            The file upload session is paused.
            </summary>
        </member>
        <member name="F:AdvanceFileUpload.Application.Response.UploadStatus.PendingToComplete">
            <summary>
             The file upload session is Watling to be Completed.
            </summary>
        </member>
        <member name="F:AdvanceFileUpload.Application.Response.UploadStatus.Completed">
            <summary>
            The file upload session is completed.
            </summary>
        </member>
        <member name="F:AdvanceFileUpload.Application.Response.UploadStatus.Canceled">
            <summary>
            The file upload session is canceled.
            </summary>
        </member>
        <member name="F:AdvanceFileUpload.Application.Response.UploadStatus.Failed">
            <summary>
            The file upload session has failed.
            </summary>
        </member>
        <member name="T:AdvanceFileUpload.Application.Shared.RouteTemplates">
            <summary>
             Contains route templates for the file upload API.
             </summary>
        </member>
        <member name="F:AdvanceFileUpload.Application.Shared.RouteTemplates.Base">
            <summary>
            The base route for the file upload API.
            </summary>
        </member>
        <member name="F:AdvanceFileUpload.Application.Shared.RouteTemplates.CreateSession">
            <summary>
            The route for creating a new upload session.
            </summary>
        </member>
        <member name="F:AdvanceFileUpload.Application.Shared.RouteTemplates.CompleteSession">
            <summary>
            The route for completing an upload session.
            </summary>
            <remarks>
            Requires a session ID.
            </remarks>
        </member>
        <member name="F:AdvanceFileUpload.Application.Shared.RouteTemplates.UploadChunk">
            <summary>
            The route for uploading a chunk of a file.
            </summary>
        </member>
        <member name="F:AdvanceFileUpload.Application.Shared.RouteTemplates.SessionStatus">
            <summary>
            The route for checking the status of an upload session.
            </summary>
            <remarks>
            Requires a session ID.
            </remarks>
        </member>
        <member name="F:AdvanceFileUpload.Application.Shared.RouteTemplates.CancelSession">
            <summary>
            The route for canceling an upload session.
            </summary>
            <remarks>
            Requires a session ID.
            </remarks>
        </member>
        <member name="F:AdvanceFileUpload.Application.Shared.RouteTemplates.PauseSession">
            <summary>
            The route for pausing an upload session.
            </summary>
            <remarks>
            Requires a session ID.
            </remarks>
        </member>
        <member name="F:AdvanceFileUpload.Application.Shared.RouteTemplates.UploadProcessHub">
            <summary>
            The route for the upload process hub.
            </summary>
        </member>
        <member name="F:AdvanceFileUpload.Application.Shared.RouteTemplates.APIHealthEndPoint">
            <summary>
            The route for the health check endpoint.
            </summary>
        </member>
        <member name="T:AdvanceFileUpload.Application.Validators.ChunkValidator">
            <summary>
            Represents a chunk validator.
            </summary>
        </member>
        <member name="M:AdvanceFileUpload.Application.Validators.ChunkValidator.IsValidChunkIndex(System.Int32)">
            <inheritdoc/>
        </member>
        <member name="M:AdvanceFileUpload.Application.Validators.ChunkValidator.IsValidChunkData(System.Byte[],System.Int64)">
            <inheritdoc/>
        </member>
        <member name="M:AdvanceFileUpload.Application.Validators.ChunkValidator.IsValidChunkSize(System.Int64,System.Int64)">
            <inheritdoc/>
        </member>
        <member name="T:AdvanceFileUpload.Application.Validators.FileCompressionValidator">
            <summary>
             Represents a File Compression validator.
            </summary>
        </member>
        <member name="M:AdvanceFileUpload.Application.Validators.FileCompressionValidator.IsValidCompressedData(System.Byte[],AdvanceFileUpload.Application.Compression.CompressionAlgorithmOption)">
            <inheritdoc/>
        </member>
        <member name="T:AdvanceFileUpload.Application.Validators.FileValidator">
            <summary>
            Represents a file validator.
            </summary>
        </member>
        <member name="M:AdvanceFileUpload.Application.Validators.FileValidator.IsValidFileName(System.String)">
            <inheritdoc/>
        </member>
        <member name="M:AdvanceFileUpload.Application.Validators.FileValidator.IsValidFileSize(System.Int64,System.Int64)">
            <inheritdoc/>
        </member>
        <member name="M:AdvanceFileUpload.Application.Validators.FileValidator.IsValidFileExtension(System.String,System.String[])">
            <inheritdoc/>
        </member>
        <member name="T:AdvanceFileUpload.Application.Validators.IChunkValidator">
            <summary>
             Interface for validating file chunks.
             </summary>
        </member>
        <member name="M:AdvanceFileUpload.Application.Validators.IChunkValidator.IsValidChunkIndex(System.Int32)">
            <summary>
            Validates the chunk index.
            </summary>
            <param name="chunkIndex">The index of the chunk to validate.</param>
            <returns>True if the chunk index is valid; otherwise, false.</returns>
        </member>
        <member name="M:AdvanceFileUpload.Application.Validators.IChunkValidator.IsValidChunkData(System.Byte[],System.Int64)">
            <summary>
            Validates the chunk data.
            </summary>
            <param name="chunkData">The data of the chunk to validate.</param>
            <param name="MaxChunkSize">The maximum size of the chunk.</param>
            <returns>True if the chunk data is valid; otherwise, false.</returns>
        </member>
        <member name="M:AdvanceFileUpload.Application.Validators.IChunkValidator.IsValidChunkSize(System.Int64,System.Int64)">
            <summary>
             Validates the size of the chunk.
             </summary>
             <param name="chunkSize">The size of the chunk to validate.</param>
             <param name="maxChunkSize">The maximum allowed size of the chunk.</param>
             <returns>True if the chunk size is valid; otherwise, false.</returns>
        </member>
        <member name="T:AdvanceFileUpload.Application.Validators.IFileCompressionValidator">
            <summary>
            Interface for validating compressed file data.
            </summary>
        </member>
        <member name="M:AdvanceFileUpload.Application.Validators.IFileCompressionValidator.IsValidCompressedData(System.Byte[],AdvanceFileUpload.Application.Compression.CompressionAlgorithmOption)">
            <summary>
            Validates if the provided file data is correctly compressed using the specified compression algorithm.
            </summary>
            <param name="data">The file data to validate.</param>
            <param name="compressionAlgorithmOption">The compression algorithm used to compress the data.</param>
            <returns>True if the data is valid compressed data; otherwise, false.</returns>
        </member>
        <member name="T:AdvanceFileUpload.Application.Validators.IFileValidator">
            <summary>
            Interface for validating files.
            </summary>
        </member>
        <member name="M:AdvanceFileUpload.Application.Validators.IFileValidator.IsValidFileName(System.String)">
            <summary>
            Validates the file name.
            </summary>
            <param name="fileName">The name of the file to validate.</param>
            <returns>True if the file name is valid; otherwise, false.</returns>
        </member>
        <member name="M:AdvanceFileUpload.Application.Validators.IFileValidator.IsValidFileSize(System.Int64,System.Int64)">
            <summary>
            Validates the file size.
            </summary>
            <param name="fileSize">The size of the file to validate.</param>
            <param name="maxFileSize">The maximum allowed size of the file.</param>
            <returns>True if the file size is valid; otherwise, false.</returns>
        </member>
        <member name="M:AdvanceFileUpload.Application.Validators.IFileValidator.IsValidFileExtension(System.String,System.String[])">
            <summary>
            Validates the file extension.
            </summary>
            <param name="fileExtension">The extension of the file to validate.</param>
            <param name="allowedExtensions">The allowed extensions of the file to validate.</param>
            <returns>True if the file extension is valid; otherwise, false.</returns>
        </member>
    </members>
</doc>
