<?xml version="1.0"?>
<doc>
    <assembly>
        <name>AdvanceFileUpload.Domain</name>
    </assembly>
    <members>
        <member name="T:AdvanceFileUpload.Domain.Core.DomainEventBase">
            <summary>
            Represents the base class for all domain events.
            </summary>
        </member>
        <member name="P:AdvanceFileUpload.Domain.Core.DomainEventBase.Id">
            <inheritdoc/>
        </member>
        <member name="P:AdvanceFileUpload.Domain.Core.DomainEventBase.OccurredOn">
            <inheritdoc/>
        </member>
        <member name="M:AdvanceFileUpload.Domain.Core.DomainEventBase.#ctor">
            <summary>
            Initializes a new instance of the <see cref="T:AdvanceFileUpload.Domain.Core.DomainEventBase"/> class.
            </summary>
        </member>
        <member name="T:AdvanceFileUpload.Domain.Core.DomainException">
            <summary>
            Represents errors that occur during domain operations.
            </summary>
        </member>
        <member name="M:AdvanceFileUpload.Domain.Core.DomainException.#ctor(System.String)">
            <summary>
            Initializes a new instance of the <see cref="T:AdvanceFileUpload.Domain.Core.DomainException"/> class with a specified error message.
            </summary>
            <param name="message">The message that describes the error.</param>
        </member>
        <member name="M:AdvanceFileUpload.Domain.Core.DomainException.#ctor(System.String,System.Exception)">
            <summary>
            Initializes a new instance of the <see cref="T:AdvanceFileUpload.Domain.Core.DomainException"/> class with a specified error message and a reference to the inner exception that is the cause of this exception.
            </summary>
            <param name="message">The error message that explains the reason for the exception.</param>
            <param name="innerException">The exception that is the cause of the current exception.</param>
        </member>
        <member name="T:AdvanceFileUpload.Domain.Core.EntityBase">
            <summary>
            Represents the base class for all entities in the domain.
            </summary>
        </member>
        <member name="P:AdvanceFileUpload.Domain.Core.EntityBase.Id">
            <summary>
            Gets the unique identifier for the entity.
            </summary>
        </member>
        <member name="M:AdvanceFileUpload.Domain.Core.EntityBase.#ctor">
            <summary>
            Initializes a new instance of the <see cref="T:AdvanceFileUpload.Domain.Core.EntityBase"/> class.
            </summary>
        </member>
        <member name="P:AdvanceFileUpload.Domain.Core.EntityBase.DomainEvents">
            <summary>
            Gets the domain events associated with the entity.
            </summary>
        </member>
        <member name="M:AdvanceFileUpload.Domain.Core.EntityBase.AddDomainEvent(AdvanceFileUpload.Domain.Core.IDomainEvent)">
            <summary>
            Adds a domain event to the entity.
            </summary>
            <param name="domainEvent">The domain event to add.</param>
        </member>
        <member name="M:AdvanceFileUpload.Domain.Core.EntityBase.ClearDomainEvents">
            <summary>
            Clears all domain events from the entity.
            </summary>
        </member>
        <member name="M:AdvanceFileUpload.Domain.Core.EntityBase.Equals(System.Object)">
            <inheritdoc/>
        </member>
        <member name="M:AdvanceFileUpload.Domain.Core.EntityBase.GetHashCode">
            <inheritdoc/>
        </member>
        <member name="M:AdvanceFileUpload.Domain.Core.EntityBase.op_Equality(AdvanceFileUpload.Domain.Core.EntityBase,AdvanceFileUpload.Domain.Core.EntityBase)">
            <summary>
            Determines whether two instances of <see cref="T:AdvanceFileUpload.Domain.Core.EntityBase"/> are equal.
            </summary>
            <param name="left">The left instance to compare.</param>
            <param name="right">The right instance to compare.</param>
            <returns>True if the instances are equal; otherwise, false.</returns>
        </member>
        <member name="M:AdvanceFileUpload.Domain.Core.EntityBase.op_Inequality(AdvanceFileUpload.Domain.Core.EntityBase,AdvanceFileUpload.Domain.Core.EntityBase)">
            <summary>
            Determines whether two instances of <see cref="T:AdvanceFileUpload.Domain.Core.EntityBase"/> are not equal.
            </summary>
            <param name="left">The left instance to compare.</param>
            <param name="right">The right instance to compare.</param>
            <returns>True if the instances are not equal; otherwise, false.</returns>
        </member>
        <member name="T:AdvanceFileUpload.Domain.Core.IAggregateRoot">
            <summary>
            Marker interface to indicate that an entity is an aggregate root.
            </summary>
        </member>
        <member name="T:AdvanceFileUpload.Domain.Core.IDomainEvent">
            <summary>
            Represents a domain event within the system.
            </summary>
        </member>
        <member name="P:AdvanceFileUpload.Domain.Core.IDomainEvent.Id">
            <summary>
            Gets the unique identifier of the domain event.
            </summary>
        </member>
        <member name="P:AdvanceFileUpload.Domain.Core.IDomainEvent.OccurredOn">
            <summary>
            Gets the date and time when the event occurred.
            </summary>
        </member>
        <member name="T:AdvanceFileUpload.Domain.Core.IDomainEventPublisher">
            <summary>
            Defines a contract for publishing domain events.
            </summary>
        </member>
        <member name="M:AdvanceFileUpload.Domain.Core.IDomainEventPublisher.PublishAsync(AdvanceFileUpload.Domain.Core.IDomainEvent,System.Threading.CancellationToken)">
            <summary>
            Publishes a single domain event asynchronously.
            </summary>
            <param name="domainEvent">The domain event to be published.</param>
            <param name="cancellationToken">A token to cancel the operation.</param>
            <returns>A task that represents the asynchronous operation.</returns>
        </member>
        <member name="M:AdvanceFileUpload.Domain.Core.IDomainEventPublisher.PublishAsync(System.Collections.Generic.IEnumerable{AdvanceFileUpload.Domain.Core.IDomainEvent},System.Threading.CancellationToken)">
            <summary>
            Publishes multiple domain events asynchronously.
            </summary>
            <param name="domainEvents">The collection of domain events to be published.</param>
            <param name="cancellationToken">A token to cancel the operation.</param>
            <returns>A task that represents the asynchronous operation.</returns>
        </member>
        <member name="T:AdvanceFileUpload.Domain.Core.IRepository`1">
            <summary>
            Defines a generic repository interface for performing CRUD operations on entities.
            </summary>
            <typeparam name="TEntity">The type of the entity.</typeparam>
        </member>
        <member name="M:AdvanceFileUpload.Domain.Core.IRepository`1.GetByIdAsync(System.Guid,System.Threading.CancellationToken)">
            <summary>
            Asynchronously retrieves an entity by its unique identifier.
            </summary>
            <param name="id">The unique identifier of the entity.</param>
            <param name="cancellationToken">Token to monitor for cancellation requests.</param>
            <returns>A task that represents the asynchronous operation. The task result contains the entity if found.</returns>
        </member>
        <member name="M:AdvanceFileUpload.Domain.Core.IRepository`1.AddAsync(`0,System.Threading.CancellationToken)">
            <summary>
            Asynchronously adds a new entity to the repository.
            </summary>
            <param name="entity">The entity to add.</param>
            <param name="cancellationToken">Token to monitor for cancellation requests.</param>
            <returns>A task that represents the asynchronous operation. The task result contains the added entity.</returns>
        </member>
        <member name="M:AdvanceFileUpload.Domain.Core.IRepository`1.UpdateAsync(`0,System.Threading.CancellationToken)">
            <summary>
            Asynchronously updates an existing entity in the repository.
            </summary>
            <param name="entity">The entity with updated values.</param>
            <param name="cancellationToken">Token to monitor for cancellation requests.</param>
            <returns>A task that represents the asynchronous operation. The task result contains the updated entity.</returns>
        </member>
        <member name="M:AdvanceFileUpload.Domain.Core.IRepository`1.RemoveAsync(`0,System.Threading.CancellationToken)">
            <summary>
            Asynchronously removes an entity from the repository.
            </summary>
            <param name="entity">The entity to remove.</param>
            <param name="cancellationToken">Token to monitor for cancellation requests.</param>
            <returns>A task that represents the asynchronous operation.</returns>
        </member>
        <member name="M:AdvanceFileUpload.Domain.Core.IRepository`1.GetAllAsync(System.Threading.CancellationToken)">
            <summary>
            Asynchronously retrieves all entities from the repository.
            </summary>
            <param name="cancellationToken">Token to monitor for cancellation requests.</param>
            <returns>A task that represents the asynchronous operation. The task result contains a collection of all entities.</returns>
        </member>
        <member name="M:AdvanceFileUpload.Domain.Core.IRepository`1.FindAsync(System.Linq.Expressions.Expression{System.Func{`0,System.Boolean}},System.Threading.CancellationToken)">
            <summary>
            Asynchronously finds entities that match the specified predicate.
            </summary>
            <param name="predicate">The expression to filter entities.</param>
            <param name="cancellationToken">Token to monitor for cancellation requests.</param>
            <returns>A task that represents the asynchronous operation. The task result contains a collection of matching entities.</returns>
        </member>
        <member name="M:AdvanceFileUpload.Domain.Core.IRepository`1.AnyAsync(System.Threading.CancellationToken)">
            <summary>
            Asynchronously determines whether any entities exist in the repository.
            </summary>
            <param name="cancellationToken">Token to monitor for cancellation requests.</param>
            <returns>A task that represents the asynchronous operation. The task result is true if any entities exist; otherwise, false.</returns>
        </member>
        <member name="M:AdvanceFileUpload.Domain.Core.IRepository`1.AnyAsync(System.Linq.Expressions.Expression{System.Func{`0,System.Boolean}},System.Threading.CancellationToken)">
            <summary>
            Asynchronously determines whether any entities match the specified predicate.
            </summary>
            <param name="predicate">The expression to filter entities.</param>
            <param name="cancellationToken">Token to monitor for cancellation requests.</param>
            <returns>A task that represents the asynchronous operation. The task result is true if any matching entities exist; otherwise, false.</returns>
        </member>
        <member name="M:AdvanceFileUpload.Domain.Core.IRepository`1.CountAsync(System.Threading.CancellationToken)">
            <summary>
            Asynchronously counts the total number of entities in the repository.
            </summary>
            <param name="cancellationToken">Token to monitor for cancellation requests.</param>
            <returns>A task that represents the asynchronous operation. The task result contains the count of entities.</returns>
        </member>
        <member name="M:AdvanceFileUpload.Domain.Core.IRepository`1.CountAsync(System.Linq.Expressions.Expression{System.Func{`0,System.Boolean}},System.Threading.CancellationToken)">
            <summary>
            Asynchronously counts the number of entities that match the specified predicate.
            </summary>
            <param name="predicate">The expression to filter entities.</param>
            <param name="cancellationToken">Token to monitor for cancellation requests.</param>
            <returns>A task that represents the asynchronous operation. The task result contains the count of matching entities.</returns>
        </member>
        <member name="T:AdvanceFileUpload.Domain.Events.ChunkUploadedEvent">
            <summary>
            Event that is triggered when a chunk of a file is uploaded.
            </summary>
        </member>
        <member name="P:AdvanceFileUpload.Domain.Events.ChunkUploadedEvent.ChunkFile">
            <summary>
            Gets the chunk file associated with this event.
            </summary>
        </member>
        <member name="M:AdvanceFileUpload.Domain.Events.ChunkUploadedEvent.#ctor(AdvanceFileUpload.Domain.ChunkFile)">
            <summary>
            Initializes a new instance of the <see cref="T:AdvanceFileUpload.Domain.Events.ChunkUploadedEvent"/> class.
            </summary>
            <param name="chunkFile">The chunk file that has been uploaded.</param>
            <exception cref="T:System.ArgumentNullException">Thrown when the chunk file is null.</exception>
        </member>
        <member name="T:AdvanceFileUpload.Domain.Events.FileUploadSessionCanceledEvent">
            <summary>
            Event that is triggered when a file upload session is canceled.
            </summary>
        </member>
        <member name="P:AdvanceFileUpload.Domain.Events.FileUploadSessionCanceledEvent.FileUploadSession">
            <summary>
            Gets the file upload session associated with this event.
            </summary>
        </member>
        <member name="M:AdvanceFileUpload.Domain.Events.FileUploadSessionCanceledEvent.#ctor(AdvanceFileUpload.Domain.FileUploadSession)">
            <summary>
            Initializes a new instance of the <see cref="T:AdvanceFileUpload.Domain.Events.FileUploadSessionCanceledEvent"/> class.
            </summary>
            <param name="fileUploadSession">The file upload session that has been canceled.</param>
            <exception cref="T:System.ArgumentNullException">Thrown when the file upload session is null.</exception>
        </member>
        <member name="T:AdvanceFileUpload.Domain.Events.FileUploadSessionCompletedEvent">
            <summary>
            Event that is triggered when a file upload session is completed.
            </summary>
        </member>
        <member name="P:AdvanceFileUpload.Domain.Events.FileUploadSessionCompletedEvent.FileUploadSession">
            <summary>
            Gets the file upload session associated with this event.
            </summary>
        </member>
        <member name="M:AdvanceFileUpload.Domain.Events.FileUploadSessionCompletedEvent.#ctor(AdvanceFileUpload.Domain.FileUploadSession)">
            <summary>
            Initializes a new instance of the <see cref="T:AdvanceFileUpload.Domain.Events.FileUploadSessionCompletedEvent"/> class.
            </summary>
            <param name="fileUploadSession">The file upload session that has been completed.</param>
            <exception cref="T:System.ArgumentNullException">Thrown when the file upload session is null.</exception>
        </member>
        <member name="T:AdvanceFileUpload.Domain.Events.FileUploadSessionCreatedEvent">
            <summary>
            Event that is triggered when a file upload session Created.
            </summary>
        </member>
        <member name="P:AdvanceFileUpload.Domain.Events.FileUploadSessionCreatedEvent.FileUploadSession">
            <summary>
            Gets the file upload session associated with this event.
            </summary>
        </member>
        <member name="M:AdvanceFileUpload.Domain.Events.FileUploadSessionCreatedEvent.#ctor(AdvanceFileUpload.Domain.FileUploadSession)">
            <summary>
            Initializes a new instance of the <see cref="T:AdvanceFileUpload.Domain.Events.FileUploadSessionCreatedEvent"/> class.
            </summary>
            <param name="fileUploadSession">The file upload session that has Created.</param>
            <exception cref="T:System.ArgumentNullException">Thrown when the file upload session is null.</exception>
        </member>
        <member name="T:AdvanceFileUpload.Domain.Events.FileUploadSessionPausedEvent">
            <summary>
            Event that is triggered when a file upload session is paused.
            </summary>
        </member>
        <member name="P:AdvanceFileUpload.Domain.Events.FileUploadSessionPausedEvent.FileUploadSession">
            <summary>
            Gets the file upload session associated with this event.
            </summary>
        </member>
        <member name="M:AdvanceFileUpload.Domain.Events.FileUploadSessionPausedEvent.#ctor(AdvanceFileUpload.Domain.FileUploadSession)">
            <summary>
            Initializes a new instance of the <see cref="T:AdvanceFileUpload.Domain.Events.FileUploadSessionPausedEvent"/> class.
            </summary>
            <param name="fileUploadSession">The file upload session that has been paused.</param>
            <exception cref="T:System.ArgumentNullException">Thrown when the file upload session is null.</exception>
        </member>
        <member name="T:AdvanceFileUpload.Domain.Extensions.DateTmeExtensions">
            <summary>
            Provides extension methods for <see cref="T:System.DateTime"/> objects.
            </summary>
        </member>
        <member name="M:AdvanceFileUpload.Domain.Extensions.DateTmeExtensions.ToDateOnly(System.DateTime)">
            <summary>
            Converts a <see cref="T:System.DateTime"/> object to a <see cref="T:System.DateOnly"/> object.
            </summary>
            <param name="dateTime">The <see cref="T:System.DateTime"/> object to convert.</param>
            <returns>A <see cref="T:System.DateOnly"/> object representing the date component of the <see cref="T:System.DateTime"/> object.</returns>
        </member>
        <member name="T:AdvanceFileUpload.Domain.ChunkFile">
            <summary>
            Represents a chunk file in a file upload session.
            </summary>
        </member>
        <member name="P:AdvanceFileUpload.Domain.ChunkFile.SessionId">
            <summary>
            Gets the session identifier to which this chunk belongs.
            </summary>
        </member>
        <member name="P:AdvanceFileUpload.Domain.ChunkFile.ChunkIndex">
            <summary>
            Gets the index of the chunk.
            </summary>
        </member>
        <member name="P:AdvanceFileUpload.Domain.ChunkFile.ChunkPath">
            <summary>
            Gets the path of the chunk file.
            </summary>
        </member>
        <member name="P:AdvanceFileUpload.Domain.ChunkFile.ChunkSize">
            <summary>
            Gets the size of the chunk file.
            </summary>
        </member>
        <member name="M:AdvanceFileUpload.Domain.ChunkFile.#ctor(System.Guid,System.Int32,System.String)">
            <summary>
            Initializes a new instance of the <see cref="T:AdvanceFileUpload.Domain.ChunkFile"/> class.
            </summary>
            <param name="sessionId">The session identifier to which this chunk belongs.</param>
            <param name="chunkIndex">The index of the chunk.</param>
            <param name="chunkPath">The path of the chunk file.</param>
            <exception cref="T:System.ArgumentException">Thrown when any of the parameters are invalid.</exception>
        </member>
        <member name="T:AdvanceFileUpload.Domain.CompressionAlgorithm">
            <summary>
            Specifies the compression algorithms.
            </summary>
        </member>
        <member name="F:AdvanceFileUpload.Domain.CompressionAlgorithm.GZip">
            <summary>
            GZip compression algorithm.
            Benefits: Good compression ratio and speed, widely supported.
            </summary>
        </member>
        <member name="F:AdvanceFileUpload.Domain.CompressionAlgorithm.Deflate">
            <summary>
            Deflate compression algorithm.
            Benefits: Fast compression and decompression, good for real-time applications.
            </summary>
        </member>
        <member name="F:AdvanceFileUpload.Domain.CompressionAlgorithm.Brotli">
            <summary>
            Brotli compression algorithm.
            Benefits: High compression ratio, especially for web content, better than GZip in many cases.
            </summary>
        </member>
        <member name="T:AdvanceFileUpload.Domain.CompressionLevel">
            <summary>
              Specifies values that indicate whether a compression operation emphasizes speed
                or compression size.
            </summary>
        </member>
        <member name="F:AdvanceFileUpload.Domain.CompressionLevel.Optimal">
            <summary>
             The compression operation should optimally balance compression speed and output size.
            </summary>
        </member>
        <member name="F:AdvanceFileUpload.Domain.CompressionLevel.Fastest">
            <summary>
              The compression operation should complete as quickly as possible, even if the
              resulting file is not optimally compressed.
            </summary>
        </member>
        <member name="F:AdvanceFileUpload.Domain.CompressionLevel.NoCompression">
            <summary>
             No compression should be performed on the file.
            </summary>
        </member>
        <member name="F:AdvanceFileUpload.Domain.CompressionLevel.SmallestSize">
            <summary>
            The compression operation should create output as small as possible, even if
            the operation takes a longer time to complete.   
            </summary>
        </member>
        <member name="T:AdvanceFileUpload.Domain.FileUploadSession">
            <summary>
            Represents a file upload session.
            </summary>
        </member>
        <member name="P:AdvanceFileUpload.Domain.FileUploadSession.FileName">
            <summary>
            Gets the name of the file being uploaded.
            </summary>
        </member>
        <member name="P:AdvanceFileUpload.Domain.FileUploadSession.FileExtension">
            <summary>
            Gets the file extension of the file being uploaded.
            </summary>
        </member>
        <member name="P:AdvanceFileUpload.Domain.FileUploadSession.CompressionAlgorithm">
            <summary>
            Gets the compression Algorithm for the file being uploaded.
            </summary>
        </member>
        <member name="P:AdvanceFileUpload.Domain.FileUploadSession.CompressionLevel">
            <summary>
            Gets the compression Level for the file being uploaded.
            </summary>
        </member>
        <member name="P:AdvanceFileUpload.Domain.FileUploadSession.SavingDirectory">
            <summary>
            Gets the directory where the file is being saved.
            </summary>
        </member>
        <member name="P:AdvanceFileUpload.Domain.FileUploadSession.FileSize">
            <summary>
            Gets the size of the file being uploaded.
            </summary>
        </member>
        <member name="P:AdvanceFileUpload.Domain.FileUploadSession.CompressedFileSize">
            <summary>
            Gets the size of the file after compression.
            </summary>
            <remarks>if the <see cref="P:AdvanceFileUpload.Domain.FileUploadSession.CompressedFileSize"/> is not null.<br></br> 
            The <see cref="P:AdvanceFileUpload.Domain.FileUploadSession.CompressedFileSize"/> will be used to figure the <see cref="P:AdvanceFileUpload.Domain.FileUploadSession.TotalChunksToUpload"/> <br></br>
            else <see cref="P:AdvanceFileUpload.Domain.FileUploadSession.FileSize"/> will be used.
            </remarks>
        </member>
        <member name="P:AdvanceFileUpload.Domain.FileUploadSession.Status">
            <summary>
            Gets the status of the file upload session.
            </summary>
        </member>
        <member name="P:AdvanceFileUpload.Domain.FileUploadSession.UploadDate">
            <summary>
            Gets the upload date of the file.
            </summary>
        </member>
        <member name="P:AdvanceFileUpload.Domain.FileUploadSession.SessionStartDate">
            <summary>
            Gets the start date of the session.
            </summary>
        </member>
        <member name="P:AdvanceFileUpload.Domain.FileUploadSession.SessionEndDate">
            <summary>
            Gets the end date of the session.
            </summary>
        </member>
        <member name="P:AdvanceFileUpload.Domain.FileUploadSession.MaxChunkSize">
            <summary>
            Gets the maximum size of each chunk.
            </summary>
        </member>
        <member name="P:AdvanceFileUpload.Domain.FileUploadSession.TotalChunksToUpload">
            <summary>
            Gets the total number of chunks to be uploaded.
            </summary>
        </member>
        <member name="P:AdvanceFileUpload.Domain.FileUploadSession.TotalUploadedChunks">
            <summary>
            Gets the total number of chunks that have been uploaded.
            </summary>
        </member>
        <member name="P:AdvanceFileUpload.Domain.FileUploadSession.ProgressPercentage">
            <summary>
            Gets the progress percentage of the file upload.
            </summary>
        </member>
        <member name="P:AdvanceFileUpload.Domain.FileUploadSession.UseCompression">
            <summary>
            Gets a value indicating whether compression is used.
            </summary>
        </member>
        <member name="P:AdvanceFileUpload.Domain.FileUploadSession.CurrentHubConnectionId">
            <summary>
            Gets or set the current hub connection id.
            </summary>
        </member>
        <member name="P:AdvanceFileUpload.Domain.FileUploadSession.Version">
            <summary>
             The Row Version.
            </summary>
        </member>
        <member name="P:AdvanceFileUpload.Domain.FileUploadSession.ChunkFiles">
            <summary>
            Gets the collection of chunk files.
            </summary>
        </member>
        <member name="M:AdvanceFileUpload.Domain.FileUploadSession.#ctor(System.String,System.String,System.Int64,System.Nullable{System.Int64},System.Int64,System.Nullable{AdvanceFileUpload.Domain.CompressionAlgorithm},System.Nullable{AdvanceFileUpload.Domain.CompressionLevel})">
            <summary>
            Initializes a new instance of the <see cref="T:AdvanceFileUpload.Domain.FileUploadSession"/> class.
            </summary>
            <param name="fileName">The name of the file being uploaded.</param>
            <param name="savingDirectory">The directory where the file is being saved.</param>
            <param name="fileSize">The size of the file being uploaded.</param>
            <param name="compressedSize">The size of the compressed file being uploaded.</param>
            <param name="maxChunkSize">The maximum size of each chunk.</param>
            <param name="compressionAlgorithm">The compression Algorithm for the file being uploaded.</param>
            <param name="compressionLevel">The compression level for the file being uploaded.</param>
        </member>
        <member name="M:AdvanceFileUpload.Domain.FileUploadSession.ValidateParameters(System.String,System.String,System.Int64,System.Nullable{System.Int64},System.Int64)">
            <summary>
            Validates the parameters for the file upload session.
            </summary>
            <param name="fileName">The name of the file being uploaded.</param>
            <param name="savingDirectory">The directory where the file is being saved.</param>
            <param name="fileSize">The size of the file being uploaded.</param>
            <param name="compressedSize">The size of the file if compressed.</param>
            <param name="maxChunkSize">The maximum size of each chunk.</param>
            <exception cref="T:System.ArgumentException">Thrown when any of the parameters are invalid.</exception>
        </member>
        <member name="M:AdvanceFileUpload.Domain.FileUploadSession.InitializeProperties(System.String,System.String,System.Int64,System.Nullable{System.Int64},System.Int64,System.Nullable{AdvanceFileUpload.Domain.CompressionAlgorithm},System.Nullable{AdvanceFileUpload.Domain.CompressionLevel})">
            <summary>
            Initializes the properties for the file upload session.
            </summary>
            <param name="fileName">The name of the file being uploaded.</param>
            <param name="savingDirectory">The directory where the file is being saved.</param>
            <param name="fileSize">The size of the file being uploaded.</param>
            <param name="compressedSize">The size of the file if compressed.</param>
            <param name="maxChunkSize">The maximum size of each chunk.</param>
            <param name="compressionAlgorithm">The compression Algorithm for the file being uploaded.</param>
            <param name="compressionLevel">The compression level for the file being uploaded.</param>
        </member>
        <member name="M:AdvanceFileUpload.Domain.FileUploadSession.AddChunk(System.Int32,System.String)">
            <summary>
            Adds a chunk to the file upload session.
            </summary>
            <param name="chunkIndex">The index of the chunk.</param>
            <param name="chunkPath">The path of the chunk.</param>
            <exception cref="T:AdvanceFileUpload.Domain.Core.DomainException">
            Thrown when the chunk cannot be added due to one of the following reasons:
            <list type="bullet">
            <item><description>The upload session is already completed.</description></item>
            <item><description>The upload session is already canceled.</description></item>
            <item><description>All chunks are already uploaded.</description></item>
            <item><description>The chunk with the specified index is already uploaded.</description></item>
            </list>
            </exception>
        </member>
        <member name="M:AdvanceFileUpload.Domain.FileUploadSession.GetRemainChunks">
            <summary>
            Gets the remaining chunks to be uploaded.
            </summary>
            <returns>
             <see cref="T:System.Collections.Generic.List`1"/> of the remaining chunks to be uploaded.
            </returns>
        </member>
        <member name="M:AdvanceFileUpload.Domain.FileUploadSession.IsAllChunkUploaded">
            <summary>
            Determines whether all chunks have been uploaded.
            </summary>
            <returns><c>true</c> if all chunks have been uploaded; otherwise, <c>false</c>.</returns>
        </member>
        <member name="M:AdvanceFileUpload.Domain.FileUploadSession.IsChunkUploaded(System.Int32)">
            <summary>
            Determines whether a specific chunk has been uploaded.
            </summary>
            <param name="chunkIndex">The index of the chunk.</param>
            <returns><c>true</c> if the chunk has been uploaded; otherwise, <c>false</c>.</returns>
        </member>
        <member name="M:AdvanceFileUpload.Domain.FileUploadSession.IsCompleted">
            <summary>
            Determines whether the file upload session is completed.
            </summary>
            <returns><c>true</c> if the session is completed; otherwise, <c>false</c>.</returns>
        </member>
        <member name="M:AdvanceFileUpload.Domain.FileUploadSession.IsCanceled">
            <summary>
            Determines whether the file upload session is canceled.
            </summary>
            <returns><c>true</c> if the session is canceled; otherwise, <c>false</c>.</returns>
        </member>
        <member name="M:AdvanceFileUpload.Domain.FileUploadSession.IsFailed">
            <summary>
             Determines whether the file upload session is failed.
            </summary>
            <returns><c>true</c> if the session status is Failed; otherwise, <c>false</c>.</returns>
        </member>
        <member name="M:AdvanceFileUpload.Domain.FileUploadSession.CancelSession">
            <summary>
            Cancels the file upload session.
            </summary>
            <exception cref="T:AdvanceFileUpload.Domain.Core.DomainException">
            Thrown when the session cannot be canceled because it is already completed or failed.
            </exception>
        </member>
        <member name="M:AdvanceFileUpload.Domain.FileUploadSession.PauseSession">
            <summary>
            Pauses the file upload session.
            </summary>
            <exception cref="T:AdvanceFileUpload.Domain.Core.DomainException">
            Thrown when the session cannot be paused because it is already completed, canceled  or failed.
            </exception>
        </member>
        <member name="M:AdvanceFileUpload.Domain.FileUploadSession.CompleteSession">
            <summary>
            Completes the file upload session.
            </summary>
            <exception cref="T:AdvanceFileUpload.Domain.Core.DomainException">
            Thrown when the session cannot be completed due to one of the following reasons:
            <list type="bullet">
            <item><description>The session is already completed.</description></item>
            <item><description>The session is canceled.</description></item>
             <item><description>The session is failed.</description></item>
            <item><description>Not all chunks have been uploaded.</description></item>
            </list>
            </exception>
        </member>
        <member name="M:AdvanceFileUpload.Domain.FileUploadSession.MarkAsFailed">
            <summary>
             Marks the file upload session as failed.
             </summary>
             <remarks>
             This method updates the status of the session to <see cref="F:AdvanceFileUpload.Domain.FileUploadSessionStatus.Failed"/> and sets the <see cref="P:AdvanceFileUpload.Domain.FileUploadSession.SessionEndDate"/> to the current date and time.
             It also raises a <see cref="T:AdvanceFileUpload.Domain.Events.FileUploadSessionFailedEvent"/> to notify that the session has been failed.
             </remarks>
             <exception cref="T:AdvanceFileUpload.Domain.Core.DomainException">
             Thrown when the session cannot be marked as failed due to one of the following reasons:
             <list type="bullet">
             <item><description>The session is already completed.</description></item>
             <item><description>The session is canceled.</description></item>
             </list>
             </exception>
        </member>
        <member name="T:AdvanceFileUpload.Domain.FileUploadSessionStatus">
            <summary>
            Represents the status of a file upload session.
            </summary>
        </member>
        <member name="F:AdvanceFileUpload.Domain.FileUploadSessionStatus.InProgress">
            <summary>
            The file upload session is in progress.
            </summary>
        </member>
        <member name="F:AdvanceFileUpload.Domain.FileUploadSessionStatus.Paused">
            <summary>
            The file upload session is paused.
            </summary>
        </member>
        <member name="F:AdvanceFileUpload.Domain.FileUploadSessionStatus.PendingToComplete">
            <summary>
             The file upload session is Watling to be Completed.
            </summary>
        </member>
        <member name="F:AdvanceFileUpload.Domain.FileUploadSessionStatus.Completed">
            <summary>
            The file upload session is completed.
            </summary>
        </member>
        <member name="F:AdvanceFileUpload.Domain.FileUploadSessionStatus.Canceled">
            <summary>
            The file upload session is canceled.
            </summary>
        </member>
        <member name="F:AdvanceFileUpload.Domain.FileUploadSessionStatus.Failed">
            <summary>
            The file upload session has failed.
            </summary>
            <remarks>Note that the session will be determinate as <see cref="F:AdvanceFileUpload.Domain.FileUploadSessionStatus.Failed"/> if this conditions are met:
            <list type="number">
            <item>
            if the session is not <see cref="F:AdvanceFileUpload.Domain.FileUploadSessionStatus.Completed"/> or <see cref="F:AdvanceFileUpload.Domain.FileUploadSessionStatus.Canceled"/> . After 48h the session will be determinate as <see cref="F:AdvanceFileUpload.Domain.FileUploadSessionStatus.Failed"/>.
            </item>
            <item>
            if the session status is <see cref="F:AdvanceFileUpload.Domain.FileUploadSessionStatus.PendingToComplete"/> and the session has been waiting for 48h to be completed.
            </item>
            </list>
            </remarks>
        </member>
    </members>
</doc>
